A,State,Date,Value
0,AK,1/1/1996 0:00,7705
1,AK,1/1/1997 0:00,6936
2,AK,1/1/1998 0:00,9039
3,AK,1/1/1999 0:00,7720
4,AK,1/1/2000 0:00,7735
5,AK,1/1/2001 0:00,8993
6,AK,1/1/2002 0:00,9527
7,AK,1/1/2003 0:00,8766
8,AK,1/1/2004 0:00,8519
9,AK,1/1/2005 0:00,7932
10,AK,1/1/2006 0:00,7631
11,AK,1/1/2007 0:00,6363
12,AK,1/1/2008 0:00,6299
13,AK,1/1/2009 0:00,5555
14,AK,1/1/2010 0:00,7045
15,AK,1/1/2011 0:00,7454
16,AK,1/1/2012 0:00,5435
17,AK,1/1/2013 0:00,6058
18,AK,1/1/2014 0:00,6382
19,AK,1/1/2015 0:00,6844
20,AK,1/1/2016 0:00,8000
21,AK,1/1/2017 0:00,7497
22,AK,1/1/2018 0:00,7343
23,AK,1/1/2019 0:00,7061
24,AK,1/1/2020 0:00,5689
25,AK,10/1/1996 0:00,12322
26,AK,10/1/1997 0:00,14052
27,AK,10/1/1998 0:00,14481
28,AK,10/1/1999 0:00,16558
29,AK,10/1/2000 0:00,14391
30,AK,10/1/2001 0:00,14890
31,AK,10/1/2002 0:00,16729
32,AK,10/1/2003 0:00,16627
33,AK,10/1/2004 0:00,22525
34,AK,10/1/2005 0:00,14974
35,AK,10/1/2006 0:00,14425
36,AK,10/1/2007 0:00,12516
37,AK,10/1/2008 0:00,12643
38,AK,10/1/2009 0:00,12550
39,AK,10/1/2010 0:00,13340
40,AK,10/1/2011 0:00,12813
41,AK,10/1/2012 0:00,12826
42,AK,10/1/2013 0:00,13217
43,AK,10/1/2014 0:00,12780
44,AK,10/1/2015 0:00,14102
45,AK,10/1/2016 0:00,15197
46,AK,10/1/2017 0:00,15322
47,AK,10/1/2018 0:00,15313
48,AK,10/1/2019 0:00,17579
49,AK,11/1/1996 0:00,8754
50,AK,11/1/1997 0:00,9644
51,AK,11/1/1998 0:00,9290
52,AK,11/1/1999 0:00,9790
53,AK,11/1/2000 0:00,9571
54,AK,11/1/2001 0:00,10134
55,AK,11/1/2002 0:00,10056
56,AK,11/1/2003 0:00,11381
57,AK,11/1/2004 0:00,9899
58,AK,11/1/2005 0:00,7290
59,AK,11/1/2006 0:00,7868
60,AK,11/1/2007 0:00,9993
61,AK,11/1/2008 0:00,7477
62,AK,11/1/2009 0:00,7278
63,AK,11/1/2010 0:00,7637
64,AK,11/1/2011 0:00,6643
65,AK,11/1/2012 0:00,6807
66,AK,11/1/2013 0:00,5390
67,AK,11/1/2014 0:00,8226
68,AK,11/1/2015 0:00,8441
69,AK,11/1/2016 0:00,9018
70,AK,11/1/2017 0:00,7455
71,AK,11/1/2018 0:00,8220
72,AK,11/1/2019 0:00,8197
73,AK,12/1/1996 0:00,6712
74,AK,12/1/1997 0:00,8535
75,AK,12/1/1998 0:00,7787
76,AK,12/1/1999 0:00,7955
77,AK,12/1/2000 0:00,7722
78,AK,12/1/2001 0:00,8155
79,AK,12/1/2002 0:00,8570
80,AK,12/1/2003 0:00,7949
81,AK,12/1/2004 0:00,7991
82,AK,12/1/2005 0:00,7371
83,AK,12/1/2006 0:00,6675
84,AK,12/1/2007 0:00,6415
85,AK,12/1/2008 0:00,6072
86,AK,12/1/2009 0:00,6357
87,AK,12/1/2010 0:00,6780
88,AK,12/1/2011 0:00,5748
89,AK,12/1/2012 0:00,5597
90,AK,12/1/2013 0:00,6166
91,AK,12/1/2014 0:00,7085
92,AK,12/1/2015 0:00,7854
93,AK,12/1/2016 0:00,7693
94,AK,12/1/2017 0:00,7444
95,AK,12/1/2018 0:00,7618
96,AK,12/1/2019 0:00,7874
97,AK,2/1/1996 0:00,7585
98,AK,2/1/1997 0:00,7758
99,AK,2/1/1998 0:00,9177
100,AK,2/1/1999 0:00,7092
101,AK,2/1/2000 0:00,5466
102,AK,2/1/2001 0:00,8571
103,AK,2/1/2002 0:00,9340
104,AK,2/1/2003 0:00,10152
105,AK,2/1/2004 0:00,10395
106,AK,2/1/2005 0:00,8157
107,AK,2/1/2006 0:00,7143
108,AK,2/1/2007 0:00,5703
109,AK,2/1/2008 0:00,6722
110,AK,2/1/2009 0:00,6837
111,AK,2/1/2010 0:00,7778
112,AK,2/1/2011 0:00,7430
113,AK,2/1/2012 0:00,6751
114,AK,2/1/2013 0:00,6217
115,AK,2/1/2014 0:00,7064
116,AK,2/1/2015 0:00,8283
117,AK,2/1/2016 0:00,9314
118,AK,2/1/2017 0:00,7635
119,AK,2/1/2018 0:00,7443
120,AK,2/1/2019 0:00,7389
121,AK,2/1/2020 0:00,6819
122,AK,3/1/1996 0:00,12710
123,AK,3/1/1997 0:00,14019
124,AK,3/1/1998 0:00,13112
125,AK,3/1/1999 0:00,13202
126,AK,3/1/2000 0:00,15087
127,AK,3/1/2001 0:00,13797
128,AK,3/1/2002 0:00,14214
129,AK,3/1/2003 0:00,12612
130,AK,3/1/2004 0:00,12064
131,AK,3/1/2005 0:00,13284
132,AK,3/1/2006 0:00,12727
133,AK,3/1/2007 0:00,8509
134,AK,3/1/2008 0:00,12709
135,AK,3/1/2009 0:00,11868
136,AK,3/1/2010 0:00,12718
137,AK,3/1/2011 0:00,13061
138,AK,3/1/2012 0:00,12561
139,AK,3/1/2013 0:00,13443
140,AK,3/1/2014 0:00,11944
141,AK,3/1/2015 0:00,13839
142,AK,3/1/2016 0:00,14956
143,AK,3/1/2017 0:00,12092
144,AK,3/1/2018 0:00,12986
145,AK,3/1/2019 0:00,13090
146,AK,4/1/1996 0:00,19454
147,AK,4/1/1997 0:00,17841
148,AK,4/1/1998 0:00,21079
149,AK,4/1/1999 0:00,18844
150,AK,4/1/2000 0:00,19688
151,AK,4/1/2001 0:00,20861
152,AK,4/1/2002 0:00,18584
153,AK,4/1/2003 0:00,19942
154,AK,4/1/2004 0:00,24150
155,AK,4/1/2005 0:00,18868
156,AK,4/1/2006 0:00,18312
157,AK,4/1/2007 0:00,14718
158,AK,4/1/2008 0:00,16187
159,AK,4/1/2009 0:00,17207
160,AK,4/1/2010 0:00,18744
161,AK,4/1/2011 0:00,18192
162,AK,4/1/2012 0:00,17688
163,AK,4/1/2013 0:00,14929
164,AK,4/1/2014 0:00,17681
165,AK,4/1/2015 0:00,22139
166,AK,4/1/2016 0:00,20935
167,AK,4/1/2017 0:00,23030
168,AK,4/1/2018 0:00,17712
169,AK,4/1/2019 0:00,23098
170,AK,5/1/1996 0:00,48239
171,AK,5/1/1997 0:00,50751
172,AK,5/1/1998 0:00,57966
173,AK,5/1/1999 0:00,61464
174,AK,5/1/2000 0:00,23356
175,AK,5/1/2001 0:00,60292
176,AK,5/1/2002 0:00,53289
177,AK,5/1/2003 0:00,53580
178,AK,5/1/2004 0:00,57486
179,AK,5/1/2005 0:00,68497
180,AK,5/1/2006 0:00,67516
181,AK,5/1/2007 0:00,76873
182,AK,5/1/2008 0:00,69099
183,AK,5/1/2009 0:00,71529
184,AK,5/1/2010 0:00,70059
185,AK,5/1/2011 0:00,66971
186,AK,5/1/2012 0:00,70612
187,AK,5/1/2013 0:00,76757
188,AK,5/1/2014 0:00,98163
189,AK,5/1/2015 0:00,81292
190,AK,5/1/2016 0:00,88536
191,AK,5/1/2017 0:00,87052
192,AK,5/1/2018 0:00,98022
193,AK,5/1/2019 0:00,101252
194,AK,6/1/1996 0:00,108396
195,AK,6/1/1997 0:00,111057
196,AK,6/1/1998 0:00,128313
197,AK,6/1/1999 0:00,131683
198,AK,6/1/2000 0:00,131196
199,AK,6/1/2001 0:00,119920
200,AK,6/1/2002 0:00,114959
201,AK,6/1/2003 0:00,119115
202,AK,6/1/2004 0:00,116680
203,AK,6/1/2005 0:00,123974
204,AK,6/1/2006 0:00,119253
205,AK,6/1/2007 0:00,127309
206,AK,6/1/2008 0:00,121076
207,AK,6/1/2009 0:00,117939
208,AK,6/1/2010 0:00,120588
209,AK,6/1/2011 0:00,117207
210,AK,6/1/2012 0:00,123898
211,AK,6/1/2013 0:00,133482
212,AK,6/1/2014 0:00,124622
213,AK,6/1/2015 0:00,127546
214,AK,6/1/2016 0:00,150092
215,AK,6/1/2017 0:00,148224
216,AK,6/1/2018 0:00,158013
217,AK,6/1/2019 0:00,165745
218,AK,7/1/1996 0:00,135405
219,AK,7/1/1997 0:00,141748
220,AK,7/1/1998 0:00,178732
221,AK,7/1/1999 0:00,140835
222,AK,7/1/2000 0:00,156478
223,AK,7/1/2001 0:00,130205
224,AK,7/1/2002 0:00,143364
225,AK,7/1/2003 0:00,135013
226,AK,7/1/2004 0:00,140206
227,AK,7/1/2005 0:00,142879
228,AK,7/1/2006 0:00,130628
229,AK,7/1/2007 0:00,139802
230,AK,7/1/2008 0:00,129951
231,AK,7/1/2009 0:00,132055
232,AK,7/1/2010 0:00,127276
233,AK,7/1/2011 0:00,132509
234,AK,7/1/2012 0:00,142061
235,AK,7/1/2013 0:00,145895
236,AK,7/1/2014 0:00,130623
237,AK,7/1/2015 0:00,146259
238,AK,7/1/2016 0:00,155120
239,AK,7/1/2017 0:00,158563
240,AK,7/1/2018 0:00,178800
241,AK,7/1/2019 0:00,176393
242,AK,8/1/1996 0:00,113141
243,AK,8/1/1997 0:00,112897
244,AK,8/1/1998 0:00,126944
245,AK,8/1/1999 0:00,110349
246,AK,8/1/2000 0:00,136578
247,AK,8/1/2001 0:00,118023
248,AK,8/1/2002 0:00,109905
249,AK,8/1/2003 0:00,119550
250,AK,8/1/2004 0:00,125392
251,AK,8/1/2005 0:00,119674
252,AK,8/1/2006 0:00,117674
253,AK,8/1/2007 0:00,124677
254,AK,8/1/2008 0:00,112577
255,AK,8/1/2009 0:00,114324
256,AK,8/1/2010 0:00,116088
257,AK,8/1/2011 0:00,122519
258,AK,8/1/2012 0:00,126823
259,AK,8/1/2013 0:00,111777
260,AK,8/1/2014 0:00,118888
261,AK,8/1/2015 0:00,125557
262,AK,8/1/2016 0:00,144291
263,AK,8/1/2017 0:00,147424
264,AK,8/1/2018 0:00,162488
265,AK,8/1/2019 0:00,159192
266,AK,9/1/1996 0:00,53423
267,AK,9/1/1997 0:00,54660
268,AK,9/1/1998 0:00,65526
269,AK,9/1/1999 0:00,69066
270,AK,9/1/2000 0:00,69958
271,AK,9/1/2001 0:00,57560
272,AK,9/1/2002 0:00,63516
273,AK,9/1/2003 0:00,65363
274,AK,9/1/2004 0:00,69181
275,AK,9/1/2005 0:00,65915
276,AK,9/1/2006 0:00,64829
277,AK,9/1/2007 0:00,65123
278,AK,9/1/2008 0:00,56286
279,AK,9/1/2009 0:00,66409
280,AK,9/1/2010 0:00,60870
281,AK,9/1/2011 0:00,61848
282,AK,9/1/2012 0:00,67443
283,AK,9/1/2013 0:00,67029
284,AK,9/1/2014 0:00,70725
285,AK,9/1/2015 0:00,75972
286,AK,9/1/2016 0:00,72031
287,AK,9/1/2017 0:00,79892
288,AK,9/1/2018 0:00,86077
289,AK,9/1/2019 0:00,84670
290,ID,1/1/1996 0:00,49170
291,ID,1/1/1997 0:00,47843
292,ID,1/1/1998 0:00,52571
293,ID,1/1/1999 0:00,51994
294,ID,1/1/2000 0:00,47927
295,ID,1/1/2001 0:00,53733
296,ID,1/1/2002 0:00,48874
297,ID,1/1/2003 0:00,46416
298,ID,1/1/2004 0:00,40083
299,ID,1/1/2005 0:00,42416
300,ID,1/1/2006 0:00,48223
301,ID,1/1/2007 0:00,51303
302,ID,1/1/2008 0:00,59604
303,ID,1/1/2009 0:00,58785
304,ID,1/1/2010 0:00,61043
305,ID,1/1/2011 0:00,59425
306,ID,1/1/2012 0:00,61718
307,ID,1/1/2013 0:00,63249
308,ID,1/1/2014 0:00,63153
309,ID,1/1/2015 0:00,63530
310,ID,1/1/2016 0:00,55741
311,ID,1/1/2017 0:00,51722
312,ID,1/1/2018 0:00,55319
313,ID,1/1/2019 0:00,56483
314,ID,1/1/2020 0:00,51093
315,ID,10/1/1996 0:00,71773
316,ID,10/1/1997 0:00,69161
317,ID,10/1/1998 0:00,60224
318,ID,10/1/1999 0:00,74030
319,ID,10/1/2000 0:00,78126
320,ID,10/1/2001 0:00,62514
321,ID,10/1/2002 0:00,63760
322,ID,10/1/2003 0:00,57616
323,ID,10/1/2004 0:00,58737
324,ID,10/1/2005 0:00,58904
325,ID,10/1/2006 0:00,65859
326,ID,10/1/2007 0:00,80068
327,ID,10/1/2008 0:00,85247
328,ID,10/1/2009 0:00,77639
329,ID,10/1/2010 0:00,90347
330,ID,10/1/2011 0:00,83015
331,ID,10/1/2012 0:00,81733
332,ID,10/1/2013 0:00,84600
333,ID,10/1/2014 0:00,83588
334,ID,10/1/2015 0:00,71279
335,ID,10/1/2016 0:00,72904
336,ID,10/1/2017 0:00,71188
337,ID,10/1/2018 0:00,67517
338,ID,10/1/2019 0:00,63343
339,ID,11/1/1996 0:00,31903
340,ID,11/1/1997 0:00,56514
341,ID,11/1/1998 0:00,52180
342,ID,11/1/1999 0:00,57198
343,ID,11/1/2000 0:00,56041
344,ID,11/1/2001 0:00,52779
345,ID,11/1/2002 0:00,54529
346,ID,11/1/2003 0:00,47041
347,ID,11/1/2004 0:00,50828
348,ID,11/1/2005 0:00,53062
349,ID,11/1/2006 0:00,52492
350,ID,11/1/2007 0:00,73885
351,ID,11/1/2008 0:00,71654
352,ID,11/1/2009 0:00,71222
353,ID,11/1/2010 0:00,65650
354,ID,11/1/2011 0:00,70374
355,ID,11/1/2012 0:00,69643
356,ID,11/1/2013 0:00,75561
357,ID,11/1/2014 0:00,70962
358,ID,11/1/2015 0:00,61624
359,ID,11/1/2016 0:00,62923
360,ID,11/1/2017 0:00,59755
361,ID,11/1/2018 0:00,57299
362,ID,11/1/2019 0:00,57733
363,ID,12/1/1996 0:00,43719
364,ID,12/1/1997 0:00,52517
365,ID,12/1/1998 0:00,46719
366,ID,12/1/1999 0:00,52158
367,ID,12/1/2000 0:00,50430
368,ID,12/1/2001 0:00,47433
369,ID,12/1/2002 0:00,49405
370,ID,12/1/2003 0:00,44740
371,ID,12/1/2004 0:00,47877
372,ID,12/1/2005 0:00,52934
373,ID,12/1/2006 0:00,51164
374,ID,12/1/2007 0:00,64445
375,ID,12/1/2008 0:00,58720
376,ID,12/1/2009 0:00,64427
377,ID,12/1/2010 0:00,64536
378,ID,12/1/2011 0:00,70766
379,ID,12/1/2012 0:00,67777
380,ID,12/1/2013 0:00,69875
381,ID,12/1/2014 0:00,71928
382,ID,12/1/2015 0:00,58210
383,ID,12/1/2016 0:00,56816
384,ID,12/1/2017 0:00,57077
385,ID,12/1/2018 0:00,57541
386,ID,12/1/2019 0:00,57757
387,ID,2/1/1996 0:00,46009
388,ID,2/1/1997 0:00,52852
389,ID,2/1/1998 0:00,50900
390,ID,2/1/1999 0:00,50717
391,ID,2/1/2000 0:00,55254
392,ID,2/1/2001 0:00,51660
393,ID,2/1/2002 0:00,48955
394,ID,2/1/2003 0:00,50038
395,ID,2/1/2004 0:00,44126
396,ID,2/1/2005 0:00,47691
397,ID,2/1/2006 0:00,47595
398,ID,2/1/2007 0:00,52794
399,ID,2/1/2008 0:00,65896
400,ID,2/1/2009 0:00,59544
401,ID,2/1/2010 0:00,62895
402,ID,2/1/2011 0:00,59744
403,ID,2/1/2012 0:00,63471
404,ID,2/1/2013 0:00,65244
405,ID,2/1/2014 0:00,60924
406,ID,2/1/2015 0:00,61304
407,ID,2/1/2016 0:00,54888
408,ID,2/1/2017 0:00,51332
409,ID,2/1/2018 0:00,51480
410,ID,2/1/2019 0:00,46344
411,ID,2/1/2020 0:00,53890
412,ID,3/1/1996 0:00,66688
413,ID,3/1/1997 0:00,64305
414,ID,3/1/1998 0:00,62088
415,ID,3/1/1999 0:00,62357
416,ID,3/1/2000 0:00,66833
417,ID,3/1/2001 0:00,67368
418,ID,3/1/2002 0:00,58182
419,ID,3/1/2003 0:00,52903
420,ID,3/1/2004 0:00,52703
421,ID,3/1/2005 0:00,54239
422,ID,3/1/2006 0:00,59620
423,ID,3/1/2007 0:00,60971
424,ID,3/1/2008 0:00,79219
425,ID,3/1/2009 0:00,63971
426,ID,3/1/2010 0:00,78413
427,ID,3/1/2011 0:00,74673
428,ID,3/1/2012 0:00,72657
429,ID,3/1/2013 0:00,79536
430,ID,3/1/2014 0:00,74110
431,ID,3/1/2015 0:00,72462
432,ID,3/1/2016 0:00,65406
433,ID,3/1/2017 0:00,61794
434,ID,3/1/2018 0:00,67305
435,ID,3/1/2019 0:00,61054
436,ID,4/1/1996 0:00,78561
437,ID,4/1/1997 0:00,73219
438,ID,4/1/1998 0:00,73762
439,ID,4/1/1999 0:00,73033
440,ID,4/1/2000 0:00,68290
441,ID,4/1/2001 0:00,69414
442,ID,4/1/2002 0:00,59697
443,ID,4/1/2003 0:00,54529
444,ID,4/1/2004 0:00,54235
445,ID,4/1/2005 0:00,54516
446,ID,4/1/2006 0:00,59109
447,ID,4/1/2007 0:00,60309
448,ID,4/1/2008 0:00,83891
449,ID,4/1/2009 0:00,64578
450,ID,4/1/2010 0:00,80388
451,ID,4/1/2011 0:00,81067
452,ID,4/1/2012 0:00,74955
453,ID,4/1/2013 0:00,77383
454,ID,4/1/2014 0:00,80307
455,ID,4/1/2015 0:00,73871
456,ID,4/1/2016 0:00,65301
457,ID,4/1/2017 0:00,71279
458,ID,4/1/2018 0:00,65506
459,ID,4/1/2019 0:00,67032
460,ID,5/1/1996 0:00,84131
461,ID,5/1/1997 0:00,83656
462,ID,5/1/1998 0:00,83081
463,ID,5/1/1999 0:00,78471
464,ID,5/1/2000 0:00,77808
465,ID,5/1/2001 0:00,74464
466,ID,5/1/2002 0:00,66524
467,ID,5/1/2003 0:00,59944
468,ID,5/1/2004 0:00,58047
469,ID,5/1/2005 0:00,60901
470,ID,5/1/2006 0:00,65985
471,ID,5/1/2007 0:00,66775
472,ID,5/1/2008 0:00,93564
473,ID,5/1/2009 0:00,77290
474,ID,5/1/2010 0:00,86017
475,ID,5/1/2011 0:00,89070
476,ID,5/1/2012 0:00,86387
477,ID,5/1/2013 0:00,90328
478,ID,5/1/2014 0:00,96364
479,ID,5/1/2015 0:00,81569
480,ID,5/1/2016 0:00,72393
481,ID,5/1/2017 0:00,76659
482,ID,5/1/2018 0:00,79543
483,ID,5/1/2019 0:00,74752
484,ID,6/1/1996 0:00,94961
485,ID,6/1/1997 0:00,92971
486,ID,6/1/1998 0:00,85018
487,ID,6/1/1999 0:00,85766
488,ID,6/1/2000 0:00,81875
489,ID,6/1/2001 0:00,83157
490,ID,6/1/2002 0:00,73098
491,ID,6/1/2003 0:00,66650
492,ID,6/1/2004 0:00,63142
493,ID,6/1/2005 0:00,68299
494,ID,6/1/2006 0:00,74201
495,ID,6/1/2007 0:00,54973
496,ID,6/1/2008 0:00,94134
497,ID,6/1/2009 0:00,71706
498,ID,6/1/2010 0:00,89353
499,ID,6/1/2011 0:00,93752
500,ID,6/1/2012 0:00,93747
501,ID,6/1/2013 0:00,94855
502,ID,6/1/2014 0:00,99147
503,ID,6/1/2015 0:00,89472
504,ID,6/1/2016 0:00,81298
505,ID,6/1/2017 0:00,81362
506,ID,6/1/2018 0:00,86120
507,ID,6/1/2019 0:00,86295
508,ID,7/1/1996 0:00,122625
509,ID,7/1/1997 0:00,116312
510,ID,7/1/1998 0:00,112505
511,ID,7/1/1999 0:00,121669
512,ID,7/1/2000 0:00,118592
513,ID,7/1/2001 0:00,114521
514,ID,7/1/2002 0:00,96512
515,ID,7/1/2003 0:00,79221
516,ID,7/1/2004 0:00,86336
517,ID,7/1/2005 0:00,100051
518,ID,7/1/2006 0:00,97353
519,ID,7/1/2007 0:00,103746
520,ID,7/1/2008 0:00,118945
521,ID,7/1/2009 0:00,99523
522,ID,7/1/2010 0:00,128287
523,ID,7/1/2011 0:00,137731
524,ID,7/1/2012 0:00,131262
525,ID,7/1/2013 0:00,130551
526,ID,7/1/2014 0:00,136258
527,ID,7/1/2015 0:00,126614
528,ID,7/1/2016 0:00,120442
529,ID,7/1/2017 0:00,113420
530,ID,7/1/2018 0:00,118220
531,ID,7/1/2019 0:00,120716
532,ID,8/1/1996 0:00,128016
533,ID,8/1/1997 0:00,121147
534,ID,8/1/1998 0:00,102296
535,ID,8/1/1999 0:00,121251
536,ID,8/1/2000 0:00,118106
537,ID,8/1/2001 0:00,121665
538,ID,8/1/2002 0:00,98849
539,ID,8/1/2003 0:00,91395
540,ID,8/1/2004 0:00,80089
541,ID,8/1/2005 0:00,83362
542,ID,8/1/2006 0:00,98483
543,ID,8/1/2007 0:00,82865
544,ID,8/1/2008 0:00,123565
545,ID,8/1/2009 0:00,103417
546,ID,8/1/2010 0:00,119267
547,ID,8/1/2011 0:00,129305
548,ID,8/1/2012 0:00,137243
549,ID,8/1/2013 0:00,140571
550,ID,8/1/2014 0:00,152163
551,ID,8/1/2015 0:00,110454
552,ID,8/1/2016 0:00,116250
553,ID,8/1/2017 0:00,117883
554,ID,8/1/2018 0:00,115449
555,ID,8/1/2019 0:00,125290
556,ID,9/1/1996 0:00,94745
557,ID,9/1/1997 0:00,86531
558,ID,9/1/1998 0:00,88862
559,ID,9/1/1999 0:00,90818
560,ID,9/1/2000 0:00,86556
561,ID,9/1/2001 0:00,78586
562,ID,9/1/2002 0:00,78138
563,ID,9/1/2003 0:00,74111
564,ID,9/1/2004 0:00,72412
565,ID,9/1/2005 0:00,67580
566,ID,9/1/2006 0:00,75029
567,ID,9/1/2007 0:00,87147
568,ID,9/1/2008 0:00,93521
569,ID,9/1/2009 0:00,91358
570,ID,9/1/2010 0:00,103226
571,ID,9/1/2011 0:00,93941
572,ID,9/1/2012 0:00,88687
573,ID,9/1/2013 0:00,90398
574,ID,9/1/2014 0:00,89698
575,ID,9/1/2015 0:00,81372
576,ID,9/1/2016 0:00,85616
577,ID,9/1/2017 0:00,78138
578,ID,9/1/2018 0:00,75942
579,ID,9/1/2019 0:00,77061
580,ME,1/1/1996 0:00,1074729
581,ME,1/1/1997 0:00,1070028
582,ME,1/1/1998 0:00,993460
583,ME,1/1/1999 0:00,943080
584,ME,1/1/2000 0:00,932478
585,ME,1/1/2001 0:00,896543
586,ME,1/1/2002 0:00,699238
587,ME,1/1/2003 0:00,782906
588,ME,1/1/2004 0:00,706200
589,ME,1/1/2005 0:00,799514
590,ME,1/1/2006 0:00,838201
591,ME,1/1/2007 0:00,629849
592,ME,1/1/2008 0:00,687040
593,ME,1/1/2009 0:00,566727
594,ME,1/1/2010 0:00,594676
595,ME,1/1/2011 0:00,584319
596,ME,1/1/2012 0:00,591582
597,ME,1/1/2013 0:00,599130
598,ME,1/1/2014 0:00,543799
599,ME,1/1/2015 0:00,474776
600,ME,1/1/2016 0:00,413844
601,ME,1/1/2017 0:00,421588
602,ME,1/1/2018 0:00,380255
603,ME,1/1/2019 0:00,352163
604,ME,1/1/2020 0:00,373019
605,ME,10/1/1996 0:00,1233200
606,ME,10/1/1997 0:00,1324266
607,ME,10/1/1998 0:00,1135198
608,ME,10/1/1999 0:00,1133843
609,ME,10/1/2000 0:00,1105885
610,ME,10/1/2001 0:00,766676
611,ME,10/1/2002 0:00,925896
612,ME,10/1/2003 0:00,751284
613,ME,10/1/2004 0:00,998055
614,ME,10/1/2005 0:00,1030325
615,ME,10/1/2006 0:00,802107
616,ME,10/1/2007 0:00,845909
617,ME,10/1/2008 0:00,761618
618,ME,10/1/2009 0:00,690182
619,ME,10/1/2010 0:00,759150
620,ME,10/1/2011 0:00,734728
621,ME,10/1/2012 0:00,742691
622,ME,10/1/2013 0:00,714185
623,ME,10/1/2014 0:00,688312
624,ME,10/1/2015 0:00,541785
625,ME,10/1/2016 0:00,549322
626,ME,10/1/2017 0:00,521802
627,ME,10/1/2018 0:00,502152
628,ME,10/1/2019 0:00,503995
629,ME,11/1/1996 0:00,1111454
630,ME,11/1/1997 0:00,1149060
631,ME,11/1/1998 0:00,1053731
632,ME,11/1/1999 0:00,947559
633,ME,11/1/2000 0:00,982172
634,ME,11/1/2001 0:00,745894
635,ME,11/1/2002 0:00,760676
636,ME,11/1/2003 0:00,695422
637,ME,11/1/2004 0:00,990113
638,ME,11/1/2005 0:00,857908
639,ME,11/1/2006 0:00,795231
640,ME,11/1/2007 0:00,775914
641,ME,11/1/2008 0:00,637589
642,ME,11/1/2009 0:00,643796
643,ME,11/1/2010 0:00,661829
644,ME,11/1/2011 0:00,687911
645,ME,11/1/2012 0:00,715206
646,ME,11/1/2013 0:00,655678
647,ME,11/1/2014 0:00,588995
648,ME,11/1/2015 0:00,474686
649,ME,11/1/2016 0:00,475615
650,ME,11/1/2017 0:00,464684
651,ME,11/1/2018 0:00,421173
652,ME,11/1/2019 0:00,433966
653,ME,12/1/1996 0:00,1124058
654,ME,12/1/1997 0:00,913892
655,ME,12/1/1998 0:00,947080
656,ME,12/1/1999 0:00,1048663
657,ME,12/1/2000 0:00,962567
658,ME,12/1/2001 0:00,764053
659,ME,12/1/2002 0:00,854559
660,ME,12/1/2003 0:00,844585
661,ME,12/1/2004 0:00,886702
662,ME,12/1/2005 0:00,937505
663,ME,12/1/2006 0:00,804212
664,ME,12/1/2007 0:00,763762
665,ME,12/1/2008 0:00,592215
666,ME,12/1/2009 0:00,640464
667,ME,12/1/2010 0:00,651022
668,ME,12/1/2011 0:00,672910
669,ME,12/1/2012 0:00,654205
670,ME,12/1/2013 0:00,616295
671,ME,12/1/2014 0:00,579672
672,ME,12/1/2015 0:00,452448
673,ME,12/1/2016 0:00,448247
674,ME,12/1/2017 0:00,450908
675,ME,12/1/2018 0:00,425777
676,ME,12/1/2019 0:00,433258
677,ME,2/1/1996 0:00,1028579
678,ME,2/1/1997 0:00,938676
679,ME,2/1/1998 0:00,984778
680,ME,2/1/1999 0:00,922903
681,ME,2/1/2000 0:00,898849
682,ME,2/1/2001 0:00,809584
683,ME,2/1/2002 0:00,673724
684,ME,2/1/2003 0:00,742625
685,ME,2/1/2004 0:00,823920
686,ME,2/1/2005 0:00,758735
687,ME,2/1/2006 0:00,805555
688,ME,2/1/2007 0:00,614466
689,ME,2/1/2008 0:00,625556
690,ME,2/1/2009 0:00,509390
691,ME,2/1/2010 0:00,566214
692,ME,2/1/2011 0:00,545501
693,ME,2/1/2012 0:00,592739
694,ME,2/1/2013 0:00,549068
695,ME,2/1/2014 0:00,509040
696,ME,2/1/2015 0:00,445214
697,ME,2/1/2016 0:00,375151
698,ME,2/1/2017 0:00,380145
699,ME,2/1/2018 0:00,378120
700,ME,2/1/2019 0:00,344354
701,ME,2/1/2020 0:00,373627
702,ME,3/1/1996 0:00,1140686
703,ME,3/1/1997 0:00,1057859
704,ME,3/1/1998 0:00,1081911
705,ME,3/1/1999 0:00,988373
706,ME,3/1/2000 0:00,1042602
707,ME,3/1/2001 0:00,920350
708,ME,3/1/2002 0:00,809948
709,ME,3/1/2003 0:00,795574
710,ME,3/1/2004 0:00,957146
711,ME,3/1/2005 0:00,840814
712,ME,3/1/2006 0:00,965318
713,ME,3/1/2007 0:00,680294
714,ME,3/1/2008 0:00,609609
715,ME,3/1/2009 0:00,590727
716,ME,3/1/2010 0:00,652343
717,ME,3/1/2011 0:00,657872
718,ME,3/1/2012 0:00,696405
719,ME,3/1/2013 0:00,678998
720,ME,3/1/2014 0:00,578962
721,ME,3/1/2015 0:00,497306
722,ME,3/1/2016 0:00,428557
723,ME,3/1/2017 0:00,446651
724,ME,3/1/2018 0:00,447529
725,ME,3/1/2019 0:00,424278
726,ME,4/1/1996 0:00,1107516
727,ME,4/1/1997 0:00,1046195
728,ME,4/1/1998 0:00,1106169
729,ME,4/1/1999 0:00,1013678
730,ME,4/1/2000 0:00,1013985
731,ME,4/1/2001 0:00,930336
732,ME,4/1/2002 0:00,776077
733,ME,4/1/2003 0:00,777059
734,ME,4/1/2004 0:00,895132
735,ME,4/1/2005 0:00,848996
736,ME,4/1/2006 0:00,963083
737,ME,4/1/2007 0:00,698014
738,ME,4/1/2008 0:00,719868
739,ME,4/1/2009 0:00,590075
740,ME,4/1/2010 0:00,676294
741,ME,4/1/2011 0:00,678411
742,ME,4/1/2012 0:00,671731
743,ME,4/1/2013 0:00,627747
744,ME,4/1/2014 0:00,599487
745,ME,4/1/2015 0:00,500425
746,ME,4/1/2016 0:00,434199
747,ME,4/1/2017 0:00,467050
748,ME,4/1/2018 0:00,429907
749,ME,4/1/2019 0:00,435752
750,ME,5/1/1996 0:00,1251218
751,ME,5/1/1997 0:00,1225304
752,ME,5/1/1998 0:00,1221534
753,ME,5/1/1999 0:00,1120403
754,ME,5/1/2000 0:00,1094409
755,ME,5/1/2001 0:00,964487
756,ME,5/1/2002 0:00,867716
757,ME,5/1/2003 0:00,903752
758,ME,5/1/2004 0:00,947822
759,ME,5/1/2005 0:00,949792
760,ME,5/1/2006 0:00,993099
761,ME,5/1/2007 0:00,789036
762,ME,5/1/2008 0:00,790153
763,ME,5/1/2009 0:00,678003
764,ME,5/1/2010 0:00,743637
765,ME,5/1/2011 0:00,730061
766,ME,5/1/2012 0:00,730892
767,ME,5/1/2013 0:00,715728
768,ME,5/1/2014 0:00,679443
769,ME,5/1/2015 0:00,584548
770,ME,5/1/2016 0:00,502957
771,ME,5/1/2017 0:00,518997
772,ME,5/1/2018 0:00,516461
773,ME,5/1/2019 0:00,493629
774,ME,6/1/1996 0:00,1277443
775,ME,6/1/1997 0:00,1294395
776,ME,6/1/1998 0:00,1153003
777,ME,6/1/1999 0:00,1154197
778,ME,6/1/2000 0:00,1153734
779,ME,6/1/2001 0:00,1010529
780,ME,6/1/2002 0:00,889455
781,ME,6/1/2003 0:00,917720
782,ME,6/1/2004 0:00,1054187
783,ME,6/1/2005 0:00,983676
784,ME,6/1/2006 0:00,1011517
785,ME,6/1/2007 0:00,810504
786,ME,6/1/2008 0:00,821013
787,ME,6/1/2009 0:00,657118
788,ME,6/1/2010 0:00,771557
789,ME,6/1/2011 0:00,761511
790,ME,6/1/2012 0:00,776351
791,ME,6/1/2013 0:00,761963
792,ME,6/1/2014 0:00,726185
793,ME,6/1/2015 0:00,616662
794,ME,6/1/2016 0:00,569110
795,ME,6/1/2017 0:00,555849
796,ME,6/1/2018 0:00,566492
797,ME,6/1/2019 0:00,568639
798,ME,7/1/1996 0:00,1500327
799,ME,7/1/1997 0:00,1528830
800,ME,7/1/1998 0:00,1430815
801,ME,7/1/1999 0:00,1386552
802,ME,7/1/2000 0:00,1357480
803,ME,7/1/2001 0:00,1189261
804,ME,7/1/2002 0:00,1043526
805,ME,7/1/2003 0:00,1081989
806,ME,7/1/2004 0:00,1221345
807,ME,7/1/2005 0:00,1249984
808,ME,7/1/2006 0:00,1156260
809,ME,7/1/2007 0:00,919320
810,ME,7/1/2008 0:00,980283
811,ME,7/1/2009 0:00,817643
812,ME,7/1/2010 0:00,968017
813,ME,7/1/2011 0:00,965835
814,ME,7/1/2012 0:00,945652
815,ME,7/1/2013 0:00,921243
816,ME,7/1/2014 0:00,891551
817,ME,7/1/2015 0:00,777870
818,ME,7/1/2016 0:00,709495
819,ME,7/1/2017 0:00,701339
820,ME,7/1/2018 0:00,662402
821,ME,7/1/2019 0:00,675833
822,ME,8/1/1996 0:00,1560904
823,ME,8/1/1997 0:00,1538006
824,ME,8/1/1998 0:00,1410015
825,ME,8/1/1999 0:00,1382028
826,ME,8/1/2000 0:00,1348764
827,ME,8/1/2001 0:00,1279230
828,ME,8/1/2002 0:00,1069959
829,ME,8/1/2003 0:00,1131369
830,ME,8/1/2004 0:00,1238594
831,ME,8/1/2005 0:00,1267163
832,ME,8/1/2006 0:00,1165773
833,ME,8/1/2007 0:00,952037
834,ME,8/1/2008 0:00,960757
835,ME,8/1/2009 0:00,887841
836,ME,8/1/2010 0:00,991541
837,ME,8/1/2011 0:00,972197
838,ME,8/1/2012 0:00,1008772
839,ME,8/1/2013 0:00,995400
840,ME,8/1/2014 0:00,964530
841,ME,8/1/2015 0:00,763527
842,ME,8/1/2016 0:00,747208
843,ME,8/1/2017 0:00,721269
844,ME,8/1/2018 0:00,710588
845,ME,8/1/2019 0:00,715863
846,ME,9/1/1996 0:00,1215140
847,ME,9/1/1997 0:00,1275961
848,ME,9/1/1998 0:00,1179868
849,ME,9/1/1999 0:00,1184820
850,ME,9/1/2000 0:00,1168151
851,ME,9/1/2001 0:00,1136383
852,ME,9/1/2002 0:00,929830
853,ME,9/1/2003 0:00,968397
854,ME,9/1/2004 0:00,808772
855,ME,9/1/2005 0:00,1061845
856,ME,9/1/2006 0:00,1005872
857,ME,9/1/2007 0:00,824191
858,ME,9/1/2008 0:00,804630
859,ME,9/1/2009 0:00,749639
860,ME,9/1/2010 0:00,781303
861,ME,9/1/2011 0:00,781615
862,ME,9/1/2012 0:00,787790
863,ME,9/1/2013 0:00,723944
864,ME,9/1/2014 0:00,700837
865,ME,9/1/2015 0:00,601893
866,ME,9/1/2016 0:00,605908
867,ME,9/1/2017 0:00,574791
868,ME,9/1/2018 0:00,542863
869,ME,9/1/2019 0:00,524101
870,MI,1/1/1996 0:00,3601808
871,MI,1/1/1997 0:00,3026339
872,MI,1/1/1998 0:00,3532798
873,MI,1/1/1999 0:00,3192872
874,MI,1/1/2000 0:00,3305914
875,MI,1/1/2001 0:00,3824689
876,MI,1/1/2002 0:00,2606456
877,MI,1/1/2003 0:00,2704189
878,MI,1/1/2004 0:00,2309469
879,MI,1/1/2005 0:00,2441612
880,MI,1/1/2006 0:00,2512510
881,MI,1/1/2007 0:00,2342185
882,MI,1/1/2008 0:00,2202879
883,MI,1/1/2009 0:00,1672377
884,MI,1/1/2010 0:00,1734425
885,MI,1/1/2011 0:00,1783591
886,MI,1/1/2012 0:00,1862483
887,MI,1/1/2013 0:00,1901882
888,MI,1/1/2014 0:00,1796260
889,MI,1/1/2015 0:00,1792158
890,MI,1/1/2016 0:00,1740828
891,MI,1/1/2017 0:00,1724513
892,MI,1/1/2018 0:00,1676890
893,MI,1/1/2019 0:00,1608853
894,MI,1/1/2020 0:00,1650877
895,MI,10/1/1996 0:00,4307669
896,MI,10/1/1997 0:00,3927664
897,MI,10/1/1998 0:00,3996010
898,MI,10/1/1999 0:00,4034520
899,MI,10/1/2000 0:00,4355289
900,MI,10/1/2001 0:00,2501611
901,MI,10/1/2002 0:00,2969839
902,MI,10/1/2003 0:00,2914361
903,MI,10/1/2004 0:00,2772582
904,MI,10/1/2005 0:00,2789249
905,MI,10/1/2006 0:00,2538601
906,MI,10/1/2007 0:00,2619056
907,MI,10/1/2008 0:00,2215455
908,MI,10/1/2009 0:00,1995670
909,MI,10/1/2010 0:00,2123136
910,MI,10/1/2011 0:00,2160359
911,MI,10/1/2012 0:00,2143699
912,MI,10/1/2013 0:00,2273153
913,MI,10/1/2014 0:00,2221224
914,MI,10/1/2015 0:00,2068046
915,MI,10/1/2016 0:00,2043420
916,MI,10/1/2017 0:00,1966934
917,MI,10/1/2018 0:00,2004241
918,MI,10/1/2019 0:00,1981130
919,MI,11/1/1996 0:00,4028636
920,MI,11/1/1997 0:00,3698100
921,MI,11/1/1998 0:00,3695574
922,MI,11/1/1999 0:00,3848249
923,MI,11/1/2000 0:00,3875702
924,MI,11/1/2001 0:00,2501500
925,MI,11/1/2002 0:00,2787215
926,MI,11/1/2003 0:00,2640770
927,MI,11/1/2004 0:00,2579866
928,MI,11/1/2005 0:00,2545217
929,MI,11/1/2006 0:00,2399392
930,MI,11/1/2007 0:00,2432660
931,MI,11/1/2008 0:00,1996394
932,MI,11/1/2009 0:00,1899480
933,MI,11/1/2010 0:00,1972928
934,MI,11/1/2011 0:00,2025093
935,MI,11/1/2012 0:00,2121562
936,MI,11/1/2013 0:00,2112769
937,MI,11/1/2014 0:00,2021205
938,MI,11/1/2015 0:00,1891049
939,MI,11/1/2016 0:00,1859392
940,MI,11/1/2017 0:00,1859449
941,MI,11/1/2018 0:00,1809097
942,MI,11/1/2019 0:00,1826198
943,MI,12/1/1996 0:00,3890778
944,MI,12/1/1997 0:00,3442480
945,MI,12/1/1998 0:00,3383749
946,MI,12/1/1999 0:00,3708827
947,MI,12/1/2000 0:00,3495689
948,MI,12/1/2001 0:00,2536648
949,MI,12/1/2002 0:00,2715138
950,MI,12/1/2003 0:00,2578537
951,MI,12/1/2004 0:00,2514456
952,MI,12/1/2005 0:00,2540404
953,MI,12/1/2006 0:00,2405379
954,MI,12/1/2007 0:00,2214777
955,MI,12/1/2008 0:00,1852818
956,MI,12/1/2009 0:00,1899368
957,MI,12/1/2010 0:00,1942562
958,MI,12/1/2011 0:00,2057465
959,MI,12/1/2012 0:00,2101151
960,MI,12/1/2013 0:00,2143996
961,MI,12/1/2014 0:00,2036688
962,MI,12/1/2015 0:00,1855968
963,MI,12/1/2016 0:00,1790231
964,MI,12/1/2017 0:00,1804080
965,MI,12/1/2018 0:00,1821641
966,MI,12/1/2019 0:00,1847538
967,MI,2/1/1996 0:00,3591481
968,MI,2/1/1997 0:00,3047122
969,MI,2/1/1998 0:00,3435487
970,MI,2/1/1999 0:00,3503101
971,MI,2/1/2000 0:00,3317543
972,MI,2/1/2001 0:00,3146407
973,MI,2/1/2002 0:00,2436158
974,MI,2/1/2003 0:00,2388291
975,MI,2/1/2004 0:00,2455480
976,MI,2/1/2005 0:00,2390262
977,MI,2/1/2006 0:00,2246077
978,MI,2/1/2007 0:00,2056132
979,MI,2/1/2008 0:00,2099541
980,MI,2/1/2009 0:00,1647319
981,MI,2/1/2010 0:00,1609582
982,MI,2/1/2011 0:00,1641181
983,MI,2/1/2012 0:00,1832900
984,MI,2/1/2013 0:00,1765595
985,MI,2/1/2014 0:00,1677385
986,MI,2/1/2015 0:00,1534321
987,MI,2/1/2016 0:00,1622395
988,MI,2/1/2017 0:00,1568445
989,MI,2/1/2018 0:00,1543029
990,MI,2/1/2019 0:00,1510385
991,MI,2/1/2020 0:00,1624780
992,MI,3/1/1996 0:00,3790656
993,MI,3/1/1997 0:00,3448354
994,MI,3/1/1998 0:00,3695806
995,MI,3/1/1999 0:00,3829357
996,MI,3/1/2000 0:00,4441794
997,MI,3/1/2001 0:00,3637361
998,MI,3/1/2002 0:00,3029861
999,MI,3/1/2003 0:00,2619559
1000,MI,3/1/2004 0:00,2728254
1001,MI,3/1/2005 0:00,2711197
1002,MI,3/1/2006 0:00,2644832
1003,MI,3/1/2007 0:00,2496646
1004,MI,3/1/2008 0:00,2359995
1005,MI,3/1/2009 0:00,1899702
1006,MI,3/1/2010 0:00,1952525
1007,MI,3/1/2011 0:00,2032341
1008,MI,3/1/2012 0:00,2092829
1009,MI,3/1/2013 0:00,2133019
1010,MI,3/1/2014 0:00,2037523
1011,MI,3/1/2015 0:00,1962696
1012,MI,3/1/2016 0:00,1880354
1013,MI,3/1/2017 0:00,1820997
1014,MI,3/1/2018 0:00,1912146
1015,MI,3/1/2019 0:00,1868193
1016,MI,4/1/1996 0:00,4011962
1017,MI,4/1/1997 0:00,2708071
1018,MI,4/1/1998 0:00,4031639
1019,MI,4/1/1999 0:00,3701895
1020,MI,4/1/2000 0:00,4598119
1021,MI,4/1/2001 0:00,3459678
1022,MI,4/1/2002 0:00,2860261
1023,MI,4/1/2003 0:00,2368061
1024,MI,4/1/2004 0:00,2485452
1025,MI,4/1/2005 0:00,2587282
1026,MI,4/1/2006 0:00,2588088
1027,MI,4/1/2007 0:00,2433403
1028,MI,4/1/2008 0:00,2257934
1029,MI,4/1/2009 0:00,1891623
1030,MI,4/1/2010 0:00,1940040
1031,MI,4/1/2011 0:00,2007637
1032,MI,4/1/2012 0:00,2046977
1033,MI,4/1/2013 0:00,2056551
1034,MI,4/1/2014 0:00,1967031
1035,MI,4/1/2015 0:00,1886353
1036,MI,4/1/2016 0:00,1818780
1037,MI,4/1/2017 0:00,1866273
1038,MI,4/1/2018 0:00,1774373
1039,MI,4/1/2019 0:00,1804052
1040,MI,5/1/1996 0:00,4173137
1041,MI,5/1/1997 0:00,3898490
1042,MI,5/1/1998 0:00,4030525
1043,MI,5/1/1999 0:00,4235846
1044,MI,5/1/2000 0:00,4831184
1045,MI,5/1/2001 0:00,3604743
1046,MI,5/1/2002 0:00,3058806
1047,MI,5/1/2003 0:00,2749558
1048,MI,5/1/2004 0:00,2692266
1049,MI,5/1/2005 0:00,2796976
1050,MI,5/1/2006 0:00,2744868
1051,MI,5/1/2007 0:00,2586046
1052,MI,5/1/2008 0:00,2433643
1053,MI,5/1/2009 0:00,2012133
1054,MI,5/1/2010 0:00,1990604
1055,MI,5/1/2011 0:00,2118346
1056,MI,5/1/2012 0:00,2126733
1057,MI,5/1/2013 0:00,2183185
1058,MI,5/1/2014 0:00,2189162
1059,MI,5/1/2015 0:00,2092727
1060,MI,5/1/2016 0:00,1993401
1061,MI,5/1/2017 0:00,1935598
1062,MI,5/1/2018 0:00,1935473
1063,MI,5/1/2019 0:00,1951663
1064,MI,6/1/1996 0:00,4442324
1065,MI,6/1/1997 0:00,3797160
1066,MI,6/1/1998 0:00,3958386
1067,MI,6/1/1999 0:00,4395754
1068,MI,6/1/2000 0:00,4596628
1069,MI,6/1/2001 0:00,3722297
1070,MI,6/1/2002 0:00,3093522
1071,MI,6/1/2003 0:00,2807683
1072,MI,6/1/2004 0:00,2916794
1073,MI,6/1/2005 0:00,2829279
1074,MI,6/1/2006 0:00,2712564
1075,MI,6/1/2007 0:00,2622275
1076,MI,6/1/2008 0:00,2378078
1077,MI,6/1/2009 0:00,1875517
1078,MI,6/1/2010 0:00,2028084
1079,MI,6/1/2011 0:00,2147178
1080,MI,6/1/2012 0:00,2226635
1081,MI,6/1/2013 0:00,2257152
1082,MI,6/1/2014 0:00,2250040
1083,MI,6/1/2015 0:00,2130096
1084,MI,6/1/2016 0:00,2069828
1085,MI,6/1/2017 0:00,1984811
1086,MI,6/1/2018 0:00,2059801
1087,MI,6/1/2019 0:00,2988142
1088,MI,7/1/1996 0:00,4787765
1089,MI,7/1/1997 0:00,4285174
1090,MI,7/1/1998 0:00,4648143
1091,MI,7/1/1999 0:00,4794981
1092,MI,7/1/2000 0:00,5189763
1093,MI,7/1/2001 0:00,4409058
1094,MI,7/1/2002 0:00,3409938
1095,MI,7/1/2003 0:00,3140103
1096,MI,7/1/2004 0:00,3082968
1097,MI,7/1/2005 0:00,3105188
1098,MI,7/1/2006 0:00,2886453
1099,MI,7/1/2007 0:00,2765795
1100,MI,7/1/2008 0:00,2527292
1101,MI,7/1/2009 0:00,2169643
1102,MI,7/1/2010 0:00,2289112
1103,MI,7/1/2011 0:00,2385057
1104,MI,7/1/2012 0:00,2405683
1105,MI,7/1/2013 0:00,2438494
1106,MI,7/1/2014 0:00,2428068
1107,MI,7/1/2015 0:00,2338907
1108,MI,7/1/2016 0:00,2289555
1109,MI,7/1/2017 0:00,2258144
1110,MI,7/1/2018 0:00,2229777
1111,MI,7/1/2019 0:00,2245840
1112,MI,8/1/1996 0:00,5404126
1113,MI,8/1/1997 0:00,4244137
1114,MI,8/1/1998 0:00,5239214
1115,MI,8/1/1999 0:00,5128150
1116,MI,8/1/2000 0:00,5129926
1117,MI,8/1/2001 0:00,4230275
1118,MI,8/1/2002 0:00,3631093
1119,MI,8/1/2003 0:00,3205003
1120,MI,8/1/2004 0:00,3220138
1121,MI,8/1/2005 0:00,3185268
1122,MI,8/1/2006 0:00,2918791
1123,MI,8/1/2007 0:00,2882539
1124,MI,8/1/2008 0:00,2649799
1125,MI,8/1/2009 0:00,2267944
1126,MI,8/1/2010 0:00,2425912
1127,MI,8/1/2011 0:00,2478153
1128,MI,8/1/2012 0:00,2616229
1129,MI,8/1/2013 0:00,2710115
1130,MI,8/1/2014 0:00,2630851
1131,MI,8/1/2015 0:00,2435150
1132,MI,8/1/2016 0:00,2339799
1133,MI,8/1/2017 0:00,2342301
1134,MI,8/1/2018 0:00,2340055
1135,MI,8/1/2019 0:00,2372353
1136,MI,9/1/1996 0:00,4664615
1137,MI,9/1/1997 0:00,4316932
1138,MI,9/1/1998 0:00,4073337
1139,MI,9/1/1999 0:00,4196588
1140,MI,9/1/2000 0:00,4407302
1141,MI,9/1/2001 0:00,2596386
1142,MI,9/1/2002 0:00,3113288
1143,MI,9/1/2003 0:00,2821409
1144,MI,9/1/2004 0:00,2835281
1145,MI,9/1/2005 0:00,2756004
1146,MI,9/1/2006 0:00,2784725
1147,MI,9/1/2007 0:00,2489198
1148,MI,9/1/2008 0:00,2199959
1149,MI,9/1/2009 0:00,1944513
1150,MI,9/1/2010 0:00,2107340
1151,MI,9/1/2011 0:00,2113548
1152,MI,9/1/2012 0:00,2161381
1153,MI,9/1/2013 0:00,2172974
1154,MI,9/1/2014 0:00,2132141
1155,MI,9/1/2015 0:00,2067223
1156,MI,9/1/2016 0:00,2013581
1157,MI,9/1/2017 0:00,2003222
1158,MI,9/1/2018 0:00,1948263
1159,MI,9/1/2019 0:00,1950177
1160,MN,1/1/1996 0:00,249370
1161,MN,1/1/1997 0:00,253423
1162,MN,1/1/1998 0:00,280274
1163,MN,1/1/1999 0:00,302577
1164,MN,1/1/2000 0:00,317252
1165,MN,1/1/2001 0:00,283970
1166,MN,1/1/2002 0:00,264805
1167,MN,1/1/2003 0:00,290396
1168,MN,1/1/2004 0:00,295950
1169,MN,1/1/2005 0:00,269226
1170,MN,1/1/2006 0:00,295794
1171,MN,1/1/2007 0:00,234306
1172,MN,1/1/2008 0:00,256335
1173,MN,1/1/2009 0:00,237226
1174,MN,1/1/2010 0:00,244295
1175,MN,1/1/2011 0:00,237507
1176,MN,1/1/2012 0:00,251726
1177,MN,1/1/2013 0:00,258413
1178,MN,1/1/2014 0:00,253914
1179,MN,1/1/2015 0:00,270936
1180,MN,1/1/2016 0:00,245225
1181,MN,1/1/2017 0:00,239847
1182,MN,1/1/2018 0:00,238877
1183,MN,1/1/2019 0:00,229776
1184,MN,1/1/2020 0:00,238528
1185,MN,10/1/1996 0:00,354421
1186,MN,10/1/1997 0:00,211743
1187,MN,10/1/1998 0:00,353399
1188,MN,10/1/1999 0:00,401821
1189,MN,10/1/2000 0:00,332714
1190,MN,10/1/2001 0:00,319316
1191,MN,10/1/2002 0:00,328355
1192,MN,10/1/2003 0:00,367519
1193,MN,10/1/2004 0:00,378802
1194,MN,10/1/2005 0:00,347692
1195,MN,10/1/2006 0:00,281603
1196,MN,10/1/2007 0:00,320297
1197,MN,10/1/2008 0:00,310047
1198,MN,10/1/2009 0:00,290952
1199,MN,10/1/2010 0:00,346716
1200,MN,10/1/2011 0:00,311010
1201,MN,10/1/2012 0:00,310938
1202,MN,10/1/2013 0:00,318778
1203,MN,10/1/2014 0:00,307463
1204,MN,10/1/2015 0:00,294594
1205,MN,10/1/2016 0:00,296043
1206,MN,10/1/2017 0:00,286111
1207,MN,10/1/2018 0:00,288831
1208,MN,10/1/2019 0:00,282159
1209,MN,11/1/1996 0:00,282410
1210,MN,11/1/1997 0:00,292946
1211,MN,11/1/1998 0:00,288419
1212,MN,11/1/1999 0:00,344214
1213,MN,11/1/2000 0:00,293638
1214,MN,11/1/2001 0:00,276685
1215,MN,11/1/2002 0:00,291584
1216,MN,11/1/2003 0:00,314736
1217,MN,11/1/2004 0:00,321738
1218,MN,11/1/2005 0:00,291200
1219,MN,11/1/2006 0:00,252283
1220,MN,11/1/2007 0:00,298110
1221,MN,11/1/2008 0:00,260682
1222,MN,11/1/2009 0:00,263259
1223,MN,11/1/2010 0:00,255044
1224,MN,11/1/2011 0:00,276141
1225,MN,11/1/2012 0:00,282469
1226,MN,11/1/2013 0:00,295813
1227,MN,11/1/2014 0:00,275917
1228,MN,11/1/2015 0:00,252790
1229,MN,11/1/2016 0:00,249022
1230,MN,11/1/2017 0:00,251852
1231,MN,11/1/2018 0:00,258006
1232,MN,11/1/2019 0:00,256301
1233,MN,12/1/1996 0:00,280068
1234,MN,12/1/1997 0:00,301064
1235,MN,12/1/1998 0:00,305887
1236,MN,12/1/1999 0:00,334145
1237,MN,12/1/2000 0:00,286033
1238,MN,12/1/2001 0:00,280995
1239,MN,12/1/2002 0:00,291809
1240,MN,12/1/2003 0:00,337478
1241,MN,12/1/2004 0:00,302737
1242,MN,12/1/2005 0:00,297581
1243,MN,12/1/2006 0:00,253825
1244,MN,12/1/2007 0:00,273904
1245,MN,12/1/2008 0:00,258633
1246,MN,12/1/2009 0:00,257617
1247,MN,12/1/2010 0:00,266806
1248,MN,12/1/2011 0:00,286350
1249,MN,12/1/2012 0:00,290998
1250,MN,12/1/2013 0:00,279466
1251,MN,12/1/2014 0:00,310886
1252,MN,12/1/2015 0:00,262532
1253,MN,12/1/2016 0:00,252592
1254,MN,12/1/2017 0:00,256979
1255,MN,12/1/2018 0:00,277467
1256,MN,12/1/2019 0:00,265101
1257,MN,2/1/1996 0:00,251552
1258,MN,2/1/1997 0:00,266770
1259,MN,2/1/1998 0:00,286956
1260,MN,2/1/1999 0:00,293303
1261,MN,2/1/2000 0:00,329362
1262,MN,2/1/2001 0:00,256957
1263,MN,2/1/2002 0:00,253167
1264,MN,2/1/2003 0:00,261123
1265,MN,2/1/2004 0:00,309220
1266,MN,2/1/2005 0:00,297012
1267,MN,2/1/2006 0:00,275990
1268,MN,2/1/2007 0:00,216722
1269,MN,2/1/2008 0:00,246429
1270,MN,2/1/2009 0:00,223706
1271,MN,2/1/2010 0:00,240747
1272,MN,2/1/2011 0:00,239114
1273,MN,2/1/2012 0:00,259688
1274,MN,2/1/2013 0:00,253549
1275,MN,2/1/2014 0:00,236664
1276,MN,2/1/2015 0:00,241521
1277,MN,2/1/2016 0:00,229420
1278,MN,2/1/2017 0:00,237408
1279,MN,2/1/2018 0:00,230339
1280,MN,2/1/2019 0:00,206059
1281,MN,2/1/2020 0:00,234781
1282,MN,3/1/1996 0:00,326829
1283,MN,3/1/1997 0:00,305899
1284,MN,3/1/1998 0:00,324454
1285,MN,3/1/1999 0:00,347970
1286,MN,3/1/2000 0:00,366920
1287,MN,3/1/2001 0:00,343510
1288,MN,3/1/2002 0:00,294178
1289,MN,3/1/2003 0:00,307192
1290,MN,3/1/2004 0:00,344759
1291,MN,3/1/2005 0:00,332392
1292,MN,3/1/2006 0:00,321784
1293,MN,3/1/2007 0:00,261701
1294,MN,3/1/2008 0:00,287981
1295,MN,3/1/2009 0:00,248955
1296,MN,3/1/2010 0:00,280437
1297,MN,3/1/2011 0:00,272374
1298,MN,3/1/2012 0:00,298067
1299,MN,3/1/2013 0:00,298663
1300,MN,3/1/2014 0:00,283123
1301,MN,3/1/2015 0:00,281686
1302,MN,3/1/2016 0:00,251435
1303,MN,3/1/2017 0:00,260769
1304,MN,3/1/2018 0:00,276213
1305,MN,3/1/2019 0:00,263835
1306,MN,4/1/1996 0:00,328233
1307,MN,4/1/1997 0:00,309748
1308,MN,4/1/1998 0:00,324176
1309,MN,4/1/1999 0:00,339260
1310,MN,4/1/2000 0:00,358731
1311,MN,4/1/2001 0:00,298181
1312,MN,4/1/2002 0:00,274617
1313,MN,4/1/2003 0:00,294323
1314,MN,4/1/2004 0:00,334487
1315,MN,4/1/2005 0:00,319481
1316,MN,4/1/2006 0:00,323030
1317,MN,4/1/2007 0:00,250067
1318,MN,4/1/2008 0:00,275678
1319,MN,4/1/2009 0:00,266623
1320,MN,4/1/2010 0:00,288814
1321,MN,4/1/2011 0:00,293103
1322,MN,4/1/2012 0:00,292277
1323,MN,4/1/2013 0:00,277697
1324,MN,4/1/2014 0:00,288882
1325,MN,4/1/2015 0:00,274731
1326,MN,4/1/2016 0:00,250701
1327,MN,4/1/2017 0:00,260015
1328,MN,4/1/2018 0:00,252918
1329,MN,4/1/2019 0:00,254055
1330,MN,5/1/1996 0:00,395999
1331,MN,5/1/1997 0:00,390453
1332,MN,5/1/1998 0:00,436206
1333,MN,5/1/1999 0:00,413629
1334,MN,5/1/2000 0:00,421222
1335,MN,5/1/2001 0:00,375161
1336,MN,5/1/2002 0:00,367300
1337,MN,5/1/2003 0:00,386280
1338,MN,5/1/2004 0:00,394034
1339,MN,5/1/2005 0:00,371024
1340,MN,5/1/2006 0:00,369939
1341,MN,5/1/2007 0:00,328572
1342,MN,5/1/2008 0:00,343637
1343,MN,5/1/2009 0:00,323914
1344,MN,5/1/2010 0:00,342602
1345,MN,5/1/2011 0:00,344798
1346,MN,5/1/2012 0:00,350581
1347,MN,5/1/2013 0:00,334972
1348,MN,5/1/2014 0:00,352922
1349,MN,5/1/2015 0:00,331819
1350,MN,5/1/2016 0:00,309698
1351,MN,5/1/2017 0:00,314961
1352,MN,5/1/2018 0:00,308982
1353,MN,5/1/2019 0:00,304644
1354,MN,6/1/1996 0:00,474861
1355,MN,6/1/1997 0:00,462667
1356,MN,6/1/1998 0:00,498809
1357,MN,6/1/1999 0:00,519797
1358,MN,6/1/2000 0:00,513141
1359,MN,6/1/2001 0:00,565959
1360,MN,6/1/2002 0:00,441019
1361,MN,6/1/2003 0:00,479968
1362,MN,6/1/2004 0:00,479200
1363,MN,6/1/2005 0:00,468788
1364,MN,6/1/2006 0:00,481429
1365,MN,6/1/2007 0:00,399779
1366,MN,6/1/2008 0:00,409282
1367,MN,6/1/2009 0:00,366844
1368,MN,6/1/2010 0:00,441719
1369,MN,6/1/2011 0:00,416974
1370,MN,6/1/2012 0:00,436647
1371,MN,6/1/2013 0:00,423879
1372,MN,6/1/2014 0:00,430106
1373,MN,6/1/2015 0:00,400302
1374,MN,6/1/2016 0:00,392305
1375,MN,6/1/2017 0:00,405012
1376,MN,6/1/2018 0:00,391978
1377,MN,6/1/2019 0:00,382998
1378,MN,7/1/1996 0:00,571109
1379,MN,7/1/1997 0:00,525699
1380,MN,7/1/1998 0:00,534443
1381,MN,7/1/1999 0:00,485763
1382,MN,7/1/2000 0:00,578836
1383,MN,7/1/2001 0:00,528977
1384,MN,7/1/2002 0:00,497820
1385,MN,7/1/2003 0:00,511839
1386,MN,7/1/2004 0:00,524979
1387,MN,7/1/2005 0:00,522485
1388,MN,7/1/2006 0:00,501928
1389,MN,7/1/2007 0:00,419446
1390,MN,7/1/2008 0:00,427195
1391,MN,7/1/2009 0:00,399025
1392,MN,7/1/2010 0:00,501356
1393,MN,7/1/2011 0:00,464956
1394,MN,7/1/2012 0:00,458288
1395,MN,7/1/2013 0:00,452676
1396,MN,7/1/2014 0:00,454210
1397,MN,7/1/2015 0:00,430923
1398,MN,7/1/2016 0:00,426457
1399,MN,7/1/2017 0:00,420995
1400,MN,7/1/2018 0:00,389244
1401,MN,7/1/2019 0:00,411931
1402,MN,8/1/1996 0:00,565797
1403,MN,8/1/1997 0:00,536653
1404,MN,8/1/1998 0:00,487449
1405,MN,8/1/1999 0:00,471505
1406,MN,8/1/2000 0:00,571581
1407,MN,8/1/2001 0:00,554286
1408,MN,8/1/2002 0:00,494479
1409,MN,8/1/2003 0:00,416603
1410,MN,8/1/2004 0:00,495616
1411,MN,8/1/2005 0:00,489227
1412,MN,8/1/2006 0:00,483235
1413,MN,8/1/2007 0:00,420289
1414,MN,8/1/2008 0:00,435985
1415,MN,8/1/2009 0:00,400940
1416,MN,8/1/2010 0:00,474070
1417,MN,8/1/2011 0:00,448774
1418,MN,8/1/2012 0:00,462537
1419,MN,8/1/2013 0:00,466690
1420,MN,8/1/2014 0:00,463052
1421,MN,8/1/2015 0:00,415768
1422,MN,8/1/2016 0:00,411284
1423,MN,8/1/2017 0:00,400046
1424,MN,8/1/2018 0:00,398966
1425,MN,8/1/2019 0:00,412198
1426,MN,9/1/1996 0:00,408795
1427,MN,9/1/1997 0:00,375734
1428,MN,9/1/1998 0:00,421490
1429,MN,9/1/1999 0:00,462657
1430,MN,9/1/2000 0:00,446118
1431,MN,9/1/2001 0:00,380160
1432,MN,9/1/2002 0:00,401319
1433,MN,9/1/2003 0:00,400185
1434,MN,9/1/2004 0:00,412448
1435,MN,9/1/2005 0:00,395468
1436,MN,9/1/2006 0:00,335088
1437,MN,9/1/2007 0:00,358194
1438,MN,9/1/2008 0:00,305229
1439,MN,9/1/2009 0:00,342268
1440,MN,9/1/2010 0:00,398960
1441,MN,9/1/2011 0:00,362070
1442,MN,9/1/2012 0:00,362269
1443,MN,9/1/2013 0:00,361015
1444,MN,9/1/2014 0:00,345001
1445,MN,9/1/2015 0:00,329837
1446,MN,9/1/2016 0:00,328108
1447,MN,9/1/2017 0:00,326242
1448,MN,9/1/2018 0:00,325361
1449,MN,9/1/2019 0:00,322550
1450,MT,1/1/1996 0:00,153585
1451,MT,1/1/1997 0:00,152571
1452,MT,1/1/1998 0:00,155271
1453,MT,1/1/1999 0:00,161107
1454,MT,1/1/2000 0:00,176349
1455,MT,1/1/2001 0:00,122573
1456,MT,1/1/2002 0:00,122868
1457,MT,1/1/2003 0:00,147430
1458,MT,1/1/2004 0:00,140056
1459,MT,1/1/2005 0:00,134755
1460,MT,1/1/2006 0:00,166355
1461,MT,1/1/2007 0:00,127277
1462,MT,1/1/2008 0:00,130393
1463,MT,1/1/2009 0:00,119097
1464,MT,1/1/2010 0:00,134588
1465,MT,1/1/2011 0:00,120659
1466,MT,1/1/2012 0:00,133634
1467,MT,1/1/2013 0:00,147412
1468,MT,1/1/2014 0:00,150206
1469,MT,1/1/2015 0:00,143620
1470,MT,1/1/2016 0:00,131796
1471,MT,1/1/2017 0:00,125847
1472,MT,1/1/2018 0:00,119748
1473,MT,1/1/2019 0:00,122496
1474,MT,1/1/2020 0:00,117273
1475,MT,10/1/1996 0:00,193848
1476,MT,10/1/1997 0:00,193268
1477,MT,10/1/1998 0:00,209753
1478,MT,10/1/1999 0:00,232197
1479,MT,10/1/2000 0:00,178220
1480,MT,10/1/2001 0:00,199709
1481,MT,10/1/2002 0:00,148232
1482,MT,10/1/2003 0:00,162154
1483,MT,10/1/2004 0:00,161614
1484,MT,10/1/2005 0:00,186770
1485,MT,10/1/2006 0:00,167836
1486,MT,10/1/2007 0:00,185206
1487,MT,10/1/2008 0:00,164948
1488,MT,10/1/2009 0:00,174837
1489,MT,10/1/2010 0:00,196679
1490,MT,10/1/2011 0:00,181754
1491,MT,10/1/2012 0:00,194409
1492,MT,10/1/2013 0:00,198656
1493,MT,10/1/2014 0:00,203800
1494,MT,10/1/2015 0:00,176691
1495,MT,10/1/2016 0:00,162953
1496,MT,10/1/2017 0:00,161496
1497,MT,10/1/2018 0:00,163799
1498,MT,10/1/2019 0:00,159534
1499,MT,11/1/1996 0:00,143213
1500,MT,11/1/1997 0:00,152465
1501,MT,11/1/1998 0:00,159487
1502,MT,11/1/1999 0:00,190014
1503,MT,11/1/2000 0:00,181782
1504,MT,11/1/2001 0:00,147565
1505,MT,11/1/2002 0:00,130653
1506,MT,11/1/2003 0:00,126748
1507,MT,11/1/2004 0:00,128375
1508,MT,11/1/2005 0:00,152145
1509,MT,11/1/2006 0:00,119285
1510,MT,11/1/2007 0:00,164174
1511,MT,11/1/2008 0:00,129495
1512,MT,11/1/2009 0:00,148884
1513,MT,11/1/2010 0:00,143812
1514,MT,11/1/2011 0:00,155850
1515,MT,11/1/2012 0:00,163695
1516,MT,11/1/2013 0:00,156819
1517,MT,11/1/2014 0:00,154608
1518,MT,11/1/2015 0:00,137667
1519,MT,11/1/2016 0:00,143631
1520,MT,11/1/2017 0:00,123119
1521,MT,11/1/2018 0:00,127624
1522,MT,11/1/2019 0:00,124812
1523,MT,12/1/1996 0:00,131205
1524,MT,12/1/1997 0:00,144419
1525,MT,12/1/1998 0:00,141324
1526,MT,12/1/1999 0:00,167797
1527,MT,12/1/2000 0:00,115800
1528,MT,12/1/2001 0:00,129951
1529,MT,12/1/2002 0:00,134245
1530,MT,12/1/2003 0:00,142212
1531,MT,12/1/2004 0:00,122212
1532,MT,12/1/2005 0:00,169054
1533,MT,12/1/2006 0:00,128867
1534,MT,12/1/2007 0:00,152224
1535,MT,12/1/2008 0:00,120860
1536,MT,12/1/2009 0:00,156194
1537,MT,12/1/2010 0:00,159104
1538,MT,12/1/2011 0:00,167943
1539,MT,12/1/2012 0:00,181755
1540,MT,12/1/2013 0:00,176039
1541,MT,12/1/2014 0:00,184387
1542,MT,12/1/2015 0:00,152551
1543,MT,12/1/2016 0:00,151410
1544,MT,12/1/2017 0:00,142087
1545,MT,12/1/2018 0:00,142117
1546,MT,12/1/2019 0:00,144248
1547,MT,2/1/1996 0:00,142295
1548,MT,2/1/1997 0:00,153279
1549,MT,2/1/1998 0:00,144847
1550,MT,2/1/1999 0:00,161558
1551,MT,2/1/2000 0:00,178449
1552,MT,2/1/2001 0:00,121305
1553,MT,2/1/2002 0:00,113975
1554,MT,2/1/2003 0:00,123702
1555,MT,2/1/2004 0:00,143416
1556,MT,2/1/2005 0:00,131960
1557,MT,2/1/2006 0:00,150119
1558,MT,2/1/2007 0:00,113526
1559,MT,2/1/2008 0:00,132699
1560,MT,2/1/2009 0:00,118142
1561,MT,2/1/2010 0:00,133019
1562,MT,2/1/2011 0:00,128892
1563,MT,2/1/2012 0:00,149671
1564,MT,2/1/2013 0:00,161060
1565,MT,2/1/2014 0:00,148802
1566,MT,2/1/2015 0:00,144102
1567,MT,2/1/2016 0:00,127998
1568,MT,2/1/2017 0:00,124221
1569,MT,2/1/2018 0:00,114956
1570,MT,2/1/2019 0:00,108744
1571,MT,2/1/2020 0:00,123044
1572,MT,3/1/1996 0:00,141689
1573,MT,3/1/1997 0:00,142861
1574,MT,3/1/1998 0:00,134248
1575,MT,3/1/1999 0:00,161100
1576,MT,3/1/2000 0:00,177969
1577,MT,3/1/2001 0:00,134999
1578,MT,3/1/2002 0:00,147914
1579,MT,3/1/2003 0:00,133313
1580,MT,3/1/2004 0:00,129864
1581,MT,3/1/2005 0:00,146912
1582,MT,3/1/2006 0:00,169123
1583,MT,3/1/2007 0:00,139892
1584,MT,3/1/2008 0:00,148305
1585,MT,3/1/2009 0:00,117136
1586,MT,3/1/2010 0:00,144476
1587,MT,3/1/2011 0:00,139489
1588,MT,3/1/2012 0:00,155050
1589,MT,3/1/2013 0:00,177401
1590,MT,3/1/2014 0:00,155337
1591,MT,3/1/2015 0:00,147881
1592,MT,3/1/2016 0:00,144554
1593,MT,3/1/2017 0:00,139079
1594,MT,3/1/2018 0:00,137263
1595,MT,3/1/2019 0:00,128998
1596,MT,4/1/1996 0:00,172486
1597,MT,4/1/1997 0:00,169155
1598,MT,4/1/1998 0:00,170739
1599,MT,4/1/1999 0:00,186998
1600,MT,4/1/2000 0:00,172481
1601,MT,4/1/2001 0:00,135569
1602,MT,4/1/2002 0:00,152831
1603,MT,4/1/2003 0:00,143862
1604,MT,4/1/2004 0:00,154248
1605,MT,4/1/2005 0:00,146854
1606,MT,4/1/2006 0:00,177387
1607,MT,4/1/2007 0:00,148812
1608,MT,4/1/2008 0:00,140236
1609,MT,4/1/2009 0:00,125311
1610,MT,4/1/2010 0:00,159231
1611,MT,4/1/2011 0:00,158434
1612,MT,4/1/2012 0:00,164555
1613,MT,4/1/2013 0:00,156935
1614,MT,4/1/2014 0:00,172987
1615,MT,4/1/2015 0:00,154912
1616,MT,4/1/2016 0:00,138166
1617,MT,4/1/2017 0:00,142122
1618,MT,4/1/2018 0:00,125285
1619,MT,4/1/2019 0:00,134932
1620,MT,5/1/1996 0:00,186065
1621,MT,5/1/1997 0:00,194662
1622,MT,5/1/1998 0:00,151149
1623,MT,5/1/1999 0:00,199213
1624,MT,5/1/2000 0:00,198234
1625,MT,5/1/2001 0:00,162498
1626,MT,5/1/2002 0:00,180401
1627,MT,5/1/2003 0:00,166391
1628,MT,5/1/2004 0:00,177197
1629,MT,5/1/2005 0:00,161542
1630,MT,5/1/2006 0:00,206113
1631,MT,5/1/2007 0:00,167567
1632,MT,5/1/2008 0:00,167783
1633,MT,5/1/2009 0:00,159742
1634,MT,5/1/2010 0:00,178399
1635,MT,5/1/2011 0:00,171101
1636,MT,5/1/2012 0:00,180817
1637,MT,5/1/2013 0:00,198955
1638,MT,5/1/2014 0:00,200574
1639,MT,5/1/2015 0:00,181590
1640,MT,5/1/2016 0:00,169167
1641,MT,5/1/2017 0:00,167128
1642,MT,5/1/2018 0:00,169083
1643,MT,5/1/2019 0:00,163854
1644,MT,6/1/1996 0:00,251148
1645,MT,6/1/1997 0:00,242796
1646,MT,6/1/1998 0:00,235051
1647,MT,6/1/1999 0:00,254600
1648,MT,6/1/2000 0:00,249884
1649,MT,6/1/2001 0:00,208634
1650,MT,6/1/2002 0:00,233414
1651,MT,6/1/2003 0:00,215902
1652,MT,6/1/2004 0:00,229983
1653,MT,6/1/2005 0:00,192501
1654,MT,6/1/2006 0:00,247817
1655,MT,6/1/2007 0:00,214625
1656,MT,6/1/2008 0:00,208438
1657,MT,6/1/2009 0:00,185859
1658,MT,6/1/2010 0:00,182832
1659,MT,6/1/2011 0:00,209738
1660,MT,6/1/2012 0:00,232175
1661,MT,6/1/2013 0:00,237558
1662,MT,6/1/2014 0:00,242911
1663,MT,6/1/2015 0:00,217813
1664,MT,6/1/2016 0:00,213954
1665,MT,6/1/2017 0:00,215402
1666,MT,6/1/2018 0:00,216429
1667,MT,6/1/2019 0:00,213227
1668,MT,7/1/1996 0:00,374972
1669,MT,7/1/1997 0:00,356242
1670,MT,7/1/1998 0:00,385652
1671,MT,7/1/1999 0:00,407543
1672,MT,7/1/2000 0:00,365052
1673,MT,7/1/2001 0:00,306233
1674,MT,7/1/2002 0:00,325864
1675,MT,7/1/2003 0:00,298777
1676,MT,7/1/2004 0:00,331403
1677,MT,7/1/2005 0:00,351476
1678,MT,7/1/2006 0:00,349788
1679,MT,7/1/2007 0:00,294506
1680,MT,7/1/2008 0:00,267375
1681,MT,7/1/2009 0:00,258917
1682,MT,7/1/2010 0:00,334106
1683,MT,7/1/2011 0:00,341754
1684,MT,7/1/2012 0:00,330452
1685,MT,7/1/2013 0:00,325461
1686,MT,7/1/2014 0:00,342773
1687,MT,7/1/2015 0:00,327249
1688,MT,7/1/2016 0:00,312414
1689,MT,7/1/2017 0:00,329463
1690,MT,7/1/2018 0:00,304007
1691,MT,7/1/2019 0:00,304539
1692,MT,8/1/1996 0:00,377559
1693,MT,8/1/1997 0:00,419583
1694,MT,8/1/1998 0:00,396272
1695,MT,8/1/1999 0:00,418487
1696,MT,8/1/2000 0:00,230490
1697,MT,8/1/2001 0:00,352263
1698,MT,8/1/2002 0:00,337375
1699,MT,8/1/2003 0:00,295855
1700,MT,8/1/2004 0:00,308975
1701,MT,8/1/2005 0:00,324590
1702,MT,8/1/2006 0:00,341904
1703,MT,8/1/2007 0:00,303052
1704,MT,8/1/2008 0:00,296991
1705,MT,8/1/2009 0:00,272274
1706,MT,8/1/2010 0:00,322995
1707,MT,8/1/2011 0:00,302674
1708,MT,8/1/2012 0:00,352223
1709,MT,8/1/2013 0:00,367504
1710,MT,8/1/2014 0:00,355194
1711,MT,8/1/2015 0:00,279767
1712,MT,8/1/2016 0:00,285319
1713,MT,8/1/2017 0:00,315456
1714,MT,8/1/2018 0:00,302065
1715,MT,8/1/2019 0:00,312612
1716,MT,9/1/1996 0:00,278634
1717,MT,9/1/1997 0:00,282829
1718,MT,9/1/1998 0:00,279964
1719,MT,9/1/1999 0:00,312397
1720,MT,9/1/2000 0:00,205931
1721,MT,9/1/2001 0:00,234044
1722,MT,9/1/2002 0:00,175740
1723,MT,9/1/2003 0:00,186803
1724,MT,9/1/2004 0:00,208609
1725,MT,9/1/2005 0:00,221101
1726,MT,9/1/2006 0:00,245914
1727,MT,9/1/2007 0:00,204614
1728,MT,9/1/2008 0:00,189235
1729,MT,9/1/2009 0:00,202205
1730,MT,9/1/2010 0:00,230181
1731,MT,9/1/2011 0:00,220064
1732,MT,9/1/2012 0:00,218781
1733,MT,9/1/2013 0:00,211885
1734,MT,9/1/2014 0:00,207528
1735,MT,9/1/2015 0:00,190062
1736,MT,9/1/2016 0:00,206244
1737,MT,9/1/2017 0:00,183770
1738,MT,9/1/2018 0:00,180143
1739,MT,9/1/2019 0:00,180927
1740,ND,1/1/1996 0:00,127474
1741,ND,1/1/1997 0:00,145119
1742,ND,1/1/1998 0:00,162372
1743,ND,1/1/1999 0:00,191898
1744,ND,1/1/2000 0:00,217841
1745,ND,1/1/2001 0:00,219244
1746,ND,1/1/2002 0:00,206702
1747,ND,1/1/2003 0:00,204703
1748,ND,1/1/2004 0:00,189921
1749,ND,1/1/2005 0:00,210667
1750,ND,1/1/2006 0:00,210766
1751,ND,1/1/2007 0:00,205238
1752,ND,1/1/2008 0:00,237920
1753,ND,1/1/2009 0:00,204621
1754,ND,1/1/2010 0:00,210109
1755,ND,1/1/2011 0:00,217278
1756,ND,1/1/2012 0:00,246668
1757,ND,1/1/2013 0:00,238250
1758,ND,1/1/2014 0:00,233637
1759,ND,1/1/2015 0:00,239101
1760,ND,1/1/2016 0:00,207624
1761,ND,1/1/2017 0:00,204116
1762,ND,1/1/2018 0:00,214554
1763,ND,1/1/2019 0:00,204603
1764,ND,1/1/2020 0:00,210899
1765,ND,10/1/1996 0:00,253229
1766,ND,10/1/1997 0:00,248480
1767,ND,10/1/1998 0:00,251757
1768,ND,10/1/1999 0:00,278668
1769,ND,10/1/2000 0:00,282400
1770,ND,10/1/2001 0:00,244778
1771,ND,10/1/2002 0:00,285709
1772,ND,10/1/2003 0:00,277405
1773,ND,10/1/2004 0:00,288042
1774,ND,10/1/2005 0:00,264184
1775,ND,10/1/2006 0:00,259972
1776,ND,10/1/2007 0:00,325300
1777,ND,10/1/2008 0:00,294849
1778,ND,10/1/2009 0:00,266323
1779,ND,10/1/2010 0:00,299422
1780,ND,10/1/2011 0:00,300174
1781,ND,10/1/2012 0:00,313439
1782,ND,10/1/2013 0:00,321692
1783,ND,10/1/2014 0:00,317246
1784,ND,10/1/2015 0:00,264565
1785,ND,10/1/2016 0:00,260291
1786,ND,10/1/2017 0:00,262634
1787,ND,10/1/2018 0:00,262171
1788,ND,10/1/2019 0:00,237542
1789,ND,11/1/1996 0:00,201766
1790,ND,11/1/1997 0:00,196462
1791,ND,11/1/1998 0:00,195436
1792,ND,11/1/1999 0:00,241042
1793,ND,11/1/2000 0:00,222557
1794,ND,11/1/2001 0:00,223934
1795,ND,11/1/2002 0:00,231178
1796,ND,11/1/2003 0:00,229422
1797,ND,11/1/2004 0:00,256493
1798,ND,11/1/2005 0:00,232653
1799,ND,11/1/2006 0:00,231357
1800,ND,11/1/2007 0:00,313242
1801,ND,11/1/2008 0:00,247268
1802,ND,11/1/2009 0:00,265816
1803,ND,11/1/2010 0:00,285148
1804,ND,11/1/2011 0:00,291268
1805,ND,11/1/2012 0:00,295413
1806,ND,11/1/2013 0:00,310969
1807,ND,11/1/2014 0:00,293513
1808,ND,11/1/2015 0:00,240522
1809,ND,11/1/2016 0:00,239901
1810,ND,11/1/2017 0:00,234184
1811,ND,11/1/2018 0:00,238820
1812,ND,11/1/2019 0:00,228636
1813,ND,12/1/1996 0:00,169151
1814,ND,12/1/1997 0:00,186461
1815,ND,12/1/1998 0:00,192555
1816,ND,12/1/1999 0:00,210159
1817,ND,12/1/2000 0:00,189107
1818,ND,12/1/2001 0:00,204735
1819,ND,12/1/2002 0:00,214028
1820,ND,12/1/2003 0:00,212093
1821,ND,12/1/2004 0:00,227351
1822,ND,12/1/2005 0:00,212488
1823,ND,12/1/2006 0:00,214671
1824,ND,12/1/2007 0:00,253893
1825,ND,12/1/2008 0:00,209193
1826,ND,12/1/2009 0:00,228306
1827,ND,12/1/2010 0:00,257733
1828,ND,12/1/2011 0:00,281012
1829,ND,12/1/2012 0:00,282748
1830,ND,12/1/2013 0:00,273005
1831,ND,12/1/2014 0:00,282227
1832,ND,12/1/2015 0:00,226247
1833,ND,12/1/2016 0:00,207714
1834,ND,12/1/2017 0:00,230299
1835,ND,12/1/2018 0:00,227434
1836,ND,12/1/2019 0:00,231240
1837,ND,2/1/1996 0:00,191354
1838,ND,2/1/1997 0:00,181186
1839,ND,2/1/1998 0:00,148529
1840,ND,2/1/1999 0:00,187206
1841,ND,2/1/2000 0:00,212159
1842,ND,2/1/2001 0:00,199038
1843,ND,2/1/2002 0:00,191512
1844,ND,2/1/2003 0:00,185961
1845,ND,2/1/2004 0:00,199700
1846,ND,2/1/2005 0:00,208279
1847,ND,2/1/2006 0:00,195117
1848,ND,2/1/2007 0:00,187448
1849,ND,2/1/2008 0:00,231332
1850,ND,2/1/2009 0:00,196729
1851,ND,2/1/2010 0:00,212912
1852,ND,2/1/2011 0:00,227974
1853,ND,2/1/2012 0:00,262503
1854,ND,2/1/2013 0:00,243172
1855,ND,2/1/2014 0:00,237814
1856,ND,2/1/2015 0:00,219935
1857,ND,2/1/2016 0:00,193754
1858,ND,2/1/2017 0:00,209805
1859,ND,2/1/2018 0:00,211365
1860,ND,2/1/2019 0:00,184024
1861,ND,2/1/2020 0:00,216043
1862,ND,3/1/1996 0:00,236279
1863,ND,3/1/1997 0:00,209053
1864,ND,3/1/1998 0:00,189312
1865,ND,3/1/1999 0:00,225975
1866,ND,3/1/2000 0:00,255422
1867,ND,3/1/2001 0:00,243843
1868,ND,3/1/2002 0:00,232141
1869,ND,3/1/2003 0:00,209882
1870,ND,3/1/2004 0:00,226525
1871,ND,3/1/2005 0:00,251123
1872,ND,3/1/2006 0:00,238453
1873,ND,3/1/2007 0:00,245428
1874,ND,3/1/2008 0:00,277801
1875,ND,3/1/2009 0:00,210889
1876,ND,3/1/2010 0:00,255090
1877,ND,3/1/2011 0:00,275025
1878,ND,3/1/2012 0:00,312207
1879,ND,3/1/2013 0:00,299712
1880,ND,3/1/2014 0:00,278476
1881,ND,3/1/2015 0:00,258808
1882,ND,3/1/2016 0:00,236532
1883,ND,3/1/2017 0:00,241057
1884,ND,3/1/2018 0:00,249643
1885,ND,3/1/2019 0:00,240735
1886,ND,4/1/1996 0:00,229763
1887,ND,4/1/1997 0:00,167420
1888,ND,4/1/1998 0:00,201152
1889,ND,4/1/1999 0:00,230546
1890,ND,4/1/2000 0:00,245400
1891,ND,4/1/2001 0:00,217047
1892,ND,4/1/2002 0:00,237233
1893,ND,4/1/2003 0:00,217974
1894,ND,4/1/2004 0:00,238522
1895,ND,4/1/2005 0:00,245581
1896,ND,4/1/2006 0:00,235002
1897,ND,4/1/2007 0:00,240562
1898,ND,4/1/2008 0:00,296229
1899,ND,4/1/2009 0:00,188279
1900,ND,4/1/2010 0:00,281985
1901,ND,4/1/2011 0:00,246066
1902,ND,4/1/2012 0:00,292718
1903,ND,4/1/2013 0:00,274901
1904,ND,4/1/2014 0:00,305745
1905,ND,4/1/2015 0:00,259415
1906,ND,4/1/2016 0:00,231617
1907,ND,4/1/2017 0:00,263735
1908,ND,4/1/2018 0:00,243955
1909,ND,4/1/2019 0:00,232811
1910,ND,5/1/1996 0:00,264054
1911,ND,5/1/1997 0:00,184417
1912,ND,5/1/1998 0:00,232301
1913,ND,5/1/1999 0:00,256332
1914,ND,5/1/2000 0:00,272778
1915,ND,5/1/2001 0:00,265585
1916,ND,5/1/2002 0:00,265151
1917,ND,5/1/2003 0:00,247379
1918,ND,5/1/2004 0:00,249988
1919,ND,5/1/2005 0:00,267656
1920,ND,5/1/2006 0:00,270628
1921,ND,5/1/2007 0:00,278940
1922,ND,5/1/2008 0:00,317844
1923,ND,5/1/2009 0:00,244071
1924,ND,5/1/2010 0:00,300906
1925,ND,5/1/2011 0:00,285260
1926,ND,5/1/2012 0:00,309063
1927,ND,5/1/2013 0:00,313397
1928,ND,5/1/2014 0:00,324907
1929,ND,5/1/2015 0:00,278555
1930,ND,5/1/2016 0:00,266306
1931,ND,5/1/2017 0:00,291109
1932,ND,5/1/2018 0:00,271313
1933,ND,5/1/2019 0:00,267601
1934,ND,6/1/1996 0:00,296036
1935,ND,6/1/1997 0:00,275656
1936,ND,6/1/1998 0:00,281206
1937,ND,6/1/1999 0:00,294523
1938,ND,6/1/2000 0:00,308447
1939,ND,6/1/2001 0:00,289810
1940,ND,6/1/2002 0:00,298981
1941,ND,6/1/2003 0:00,289793
1942,ND,6/1/2004 0:00,284792
1943,ND,6/1/2005 0:00,288307
1944,ND,6/1/2006 0:00,307413
1945,ND,6/1/2007 0:00,304899
1946,ND,6/1/2008 0:00,318390
1947,ND,6/1/2009 0:00,255957
1948,ND,6/1/2010 0:00,294062
1949,ND,6/1/2011 0:00,301552
1950,ND,6/1/2012 0:00,343761
1951,ND,6/1/2013 0:00,330636
1952,ND,6/1/2014 0:00,331856
1953,ND,6/1/2015 0:00,317725
1954,ND,6/1/2016 0:00,268225
1955,ND,6/1/2017 0:00,271727
1956,ND,6/1/2018 0:00,290469
1957,ND,6/1/2019 0:00,284915
1958,ND,7/1/1996 0:00,409264
1959,ND,7/1/1997 0:00,386080
1960,ND,7/1/1998 0:00,369475
1961,ND,7/1/1999 0:00,395948
1962,ND,7/1/2000 0:00,393699
1963,ND,7/1/2001 0:00,369825
1964,ND,7/1/2002 0:00,368680
1965,ND,7/1/2003 0:00,366266
1966,ND,7/1/2004 0:00,392762
1967,ND,7/1/2005 0:00,374599
1968,ND,7/1/2006 0:00,418067
1969,ND,7/1/2007 0:00,355891
1970,ND,7/1/2008 0:00,375197
1971,ND,7/1/2009 0:00,330601
1972,ND,7/1/2010 0:00,403905
1973,ND,7/1/2011 0:00,392788
1974,ND,7/1/2012 0:00,421449
1975,ND,7/1/2013 0:00,404605
1976,ND,7/1/2014 0:00,409708
1977,ND,7/1/2015 0:00,374515
1978,ND,7/1/2016 0:00,351712
1979,ND,7/1/2017 0:00,342253
1980,ND,7/1/2018 0:00,339593
1981,ND,7/1/2019 0:00,345281
1982,ND,8/1/1996 0:00,403207
1983,ND,8/1/1997 0:00,389771
1984,ND,8/1/1998 0:00,339116
1985,ND,8/1/1999 0:00,371855
1986,ND,8/1/2000 0:00,379671
1987,ND,8/1/2001 0:00,370469
1988,ND,8/1/2002 0:00,374736
1989,ND,8/1/2003 0:00,370962
1990,ND,8/1/2004 0:00,348803
1991,ND,8/1/2005 0:00,355258
1992,ND,8/1/2006 0:00,400288
1993,ND,8/1/2007 0:00,374302
1994,ND,8/1/2008 0:00,402907
1995,ND,8/1/2009 0:00,340722
1996,ND,8/1/2010 0:00,371983
1997,ND,8/1/2011 0:00,394546
1998,ND,8/1/2012 0:00,456539
1999,ND,8/1/2013 0:00,452161
2000,ND,8/1/2014 0:00,443928
2001,ND,8/1/2015 0:00,336059
2002,ND,8/1/2016 0:00,336429
2003,ND,8/1/2017 0:00,339630
2004,ND,8/1/2018 0:00,345737
2005,ND,8/1/2019 0:00,365389
2006,ND,9/1/1996 0:00,274233
2007,ND,9/1/1997 0:00,234016
2008,ND,9/1/1998 0:00,270157
2009,ND,9/1/1999 0:00,286396
2010,ND,9/1/2000 0:00,296054
2011,ND,9/1/2001 0:00,266227
2012,ND,9/1/2002 0:00,280544
2013,ND,9/1/2003 0:00,273766
2014,ND,9/1/2004 0:00,281025
2015,ND,9/1/2005 0:00,274086
2016,ND,9/1/2006 0:00,277703
2017,ND,9/1/2007 0:00,290453
2018,ND,9/1/2008 0:00,291947
2019,ND,9/1/2009 0:00,268233
2020,ND,9/1/2010 0:00,312630
2021,ND,9/1/2011 0:00,310947
2022,ND,9/1/2012 0:00,319163
2023,ND,9/1/2013 0:00,300963
2024,ND,9/1/2014 0:00,293972
2025,ND,9/1/2015 0:00,269609
2026,ND,9/1/2016 0:00,271717
2027,ND,9/1/2017 0:00,274429
2028,ND,9/1/2018 0:00,262909
2029,ND,9/1/2019 0:00,258108
2030,NY,1/1/1996 0:00,2188691
2031,NY,1/1/1997 0:00,2449184
2032,NY,1/1/1998 0:00,2366039
2033,NY,1/1/1999 0:00,2288367
2034,NY,1/1/2000 0:00,2326549
2035,NY,1/1/2001 0:00,2591589
2036,NY,1/1/2002 0:00,2525879
2037,NY,1/1/2003 0:00,2442294
2038,NY,1/1/2004 0:00,2213739
2039,NY,1/1/2005 0:00,2109146
2040,NY,1/1/2006 0:00,2323060
2041,NY,1/1/2007 0:00,2165642
2042,NY,1/1/2008 0:00,2144597
2043,NY,1/1/2009 0:00,1836398
2044,NY,1/1/2010 0:00,1879865
2045,NY,1/1/2011 0:00,1895735
2046,NY,1/1/2012 0:00,2007204
2047,NY,1/1/2013 0:00,2041973
2048,NY,1/1/2014 0:00,1859686
2049,NY,1/1/2015 0:00,1764141
2050,NY,1/1/2016 0:00,1719313
2051,NY,1/1/2017 0:00,1670585
2052,NY,1/1/2018 0:00,1713863
2053,NY,1/1/2019 0:00,1578012
2054,NY,1/1/2020 0:00,1694585
2055,NY,10/1/1996 0:00,3451739
2056,NY,10/1/1997 0:00,3764101
2057,NY,10/1/1998 0:00,3579166
2058,NY,10/1/1999 0:00,3755085
2059,NY,10/1/2000 0:00,3557955
2060,NY,10/1/2001 0:00,2933131
2061,NY,10/1/2002 0:00,3667837
2062,NY,10/1/2003 0:00,3206808
2063,NY,10/1/2004 0:00,3016015
2064,NY,10/1/2005 0:00,2985202
2065,NY,10/1/2006 0:00,2862589
2066,NY,10/1/2007 0:00,3201867
2067,NY,10/1/2008 0:00,2785310
2068,NY,10/1/2009 0:00,2576321
2069,NY,10/1/2010 0:00,2683829
2070,NY,10/1/2011 0:00,2781318
2071,NY,10/1/2012 0:00,2723204
2072,NY,10/1/2013 0:00,2744356
2073,NY,10/1/2014 0:00,2675815
2074,NY,10/1/2015 0:00,2359866
2075,NY,10/1/2016 0:00,2412134
2076,NY,10/1/2017 0:00,2496407
2077,NY,10/1/2018 0:00,2399320
2078,NY,10/1/2019 0:00,2433765
2079,NY,11/1/1996 0:00,2562769
2080,NY,11/1/1997 0:00,3056615
2081,NY,11/1/1998 0:00,3031330
2082,NY,11/1/1999 0:00,3086182
2083,NY,11/1/2000 0:00,2975689
2084,NY,11/1/2001 0:00,2684967
2085,NY,11/1/2002 0:00,2987584
2086,NY,11/1/2003 0:00,2708345
2087,NY,11/1/2004 0:00,2600035
2088,NY,11/1/2005 0:00,2599923
2089,NY,11/1/2006 0:00,2654427
2090,NY,11/1/2007 0:00,2846551
2091,NY,11/1/2008 0:00,2357084
2092,NY,11/1/2009 0:00,2346373
2093,NY,11/1/2010 0:00,2410406
2094,NY,11/1/2011 0:00,2519282
2095,NY,11/1/2012 0:00,2539637
2096,NY,11/1/2013 0:00,2482371
2097,NY,11/1/2014 0:00,2206151
2098,NY,11/1/2015 0:00,2017438
2099,NY,11/1/2016 0:00,2016165
2100,NY,11/1/2017 0:00,2113235
2101,NY,11/1/2018 0:00,2051673
2102,NY,11/1/2019 0:00,2049305
2103,NY,12/1/1996 0:00,2957717
2104,NY,12/1/1997 0:00,2831585
2105,NY,12/1/1998 0:00,2995698
2106,NY,12/1/1999 0:00,2756214
2107,NY,12/1/2000 0:00,2789307
2108,NY,12/1/2001 0:00,2432319
2109,NY,12/1/2002 0:00,2925814
2110,NY,12/1/2003 0:00,2530892
2111,NY,12/1/2004 0:00,2353166
2112,NY,12/1/2005 0:00,2527330
2113,NY,12/1/2006 0:00,2598303
2114,NY,12/1/2007 0:00,2464620
2115,NY,12/1/2008 0:00,1960424
2116,NY,12/1/2009 0:00,2294243
2117,NY,12/1/2010 0:00,2372074
2118,NY,12/1/2011 0:00,2614747
2119,NY,12/1/2012 0:00,2536243
2120,NY,12/1/2013 0:00,2413170
2121,NY,12/1/2014 0:00,2317489
2122,NY,12/1/2015 0:00,2038600
2123,NY,12/1/2016 0:00,2027248
2124,NY,12/1/2017 0:00,2184536
2125,NY,12/1/2018 0:00,2151264
2126,NY,12/1/2019 0:00,2119775
2127,NY,2/1/1996 0:00,2277216
2128,NY,2/1/1997 0:00,2516299
2129,NY,2/1/1998 0:00,2595634
2130,NY,2/1/1999 0:00,2629482
2131,NY,2/1/2000 0:00,2518224
2132,NY,2/1/2001 0:00,2427328
2133,NY,2/1/2002 0:00,2632027
2134,NY,2/1/2003 0:00,2333831
2135,NY,2/1/2004 0:00,2291260
2136,NY,2/1/2005 0:00,2119742
2137,NY,2/1/2006 0:00,2141874
2138,NY,2/1/2007 0:00,1955464
2139,NY,2/1/2008 0:00,1922377
2140,NY,2/1/2009 0:00,1822471
2141,NY,2/1/2010 0:00,1781592
2142,NY,2/1/2011 0:00,1838485
2143,NY,2/1/2012 0:00,2081567
2144,NY,2/1/2013 0:00,1969050
2145,NY,2/1/2014 0:00,1832396
2146,NY,2/1/2015 0:00,1582988
2147,NY,2/1/2016 0:00,1545106
2148,NY,2/1/2017 0:00,1641127
2149,NY,2/1/2018 0:00,1660704
2150,NY,2/1/2019 0:00,1564086
2151,NY,2/1/2020 0:00,1719185
2152,NY,3/1/1996 0:00,2383109
2153,NY,3/1/1997 0:00,3139821
2154,NY,3/1/1998 0:00,2845363
2155,NY,3/1/1999 0:00,2910062
2156,NY,3/1/2000 0:00,3036829
2157,NY,3/1/2001 0:00,2974181
2158,NY,3/1/2002 0:00,3131551
2159,NY,3/1/2003 0:00,2870893
2160,NY,3/1/2004 0:00,2638078
2161,NY,3/1/2005 0:00,2604362
2162,NY,3/1/2006 0:00,2703232
2163,NY,3/1/2007 0:00,2458094
2164,NY,3/1/2008 0:00,2645804
2165,NY,3/1/2009 0:00,2212658
2166,NY,3/1/2010 0:00,2304849
2167,NY,3/1/2011 0:00,2303934
2168,NY,3/1/2012 0:00,2588922
2169,NY,3/1/2013 0:00,2658555
2170,NY,3/1/2014 0:00,2299070
2171,NY,3/1/2015 0:00,2060799
2172,NY,3/1/2016 0:00,1974432
2173,NY,3/1/2017 0:00,1884317
2174,NY,3/1/2018 0:00,2223666
2175,NY,3/1/2019 0:00,2054604
2176,NY,4/1/1996 0:00,2986910
2177,NY,4/1/1997 0:00,3090531
2178,NY,4/1/1998 0:00,3145831
2179,NY,4/1/1999 0:00,3002734
2180,NY,4/1/2000 0:00,3202645
2181,NY,4/1/2001 0:00,3235236
2182,NY,4/1/2002 0:00,3270250
2183,NY,4/1/2003 0:00,2373974
2184,NY,4/1/2004 0:00,2666662
2185,NY,4/1/2005 0:00,2525390
2186,NY,4/1/2006 0:00,2808980
2187,NY,4/1/2007 0:00,2526806
2188,NY,4/1/2008 0:00,2381491
2189,NY,4/1/2009 0:00,2310209
2190,NY,4/1/2010 0:00,2412822
2191,NY,4/1/2011 0:00,2522822
2192,NY,4/1/2012 0:00,2581345
2193,NY,4/1/2013 0:00,2361698
2194,NY,4/1/2014 0:00,2406869
2195,NY,4/1/2015 0:00,2147946
2196,NY,4/1/2016 0:00,1929249
2197,NY,4/1/2017 0:00,2164550
2198,NY,4/1/2018 0:00,2035636
2199,NY,4/1/2019 0:00,2108977
2200,NY,5/1/1996 0:00,3618191
2201,NY,5/1/1997 0:00,3708373
2202,NY,5/1/1998 0:00,3567508
2203,NY,5/1/1999 0:00,3943678
2204,NY,5/1/2000 0:00,3797239
2205,NY,5/1/2001 0:00,3644354
2206,NY,5/1/2002 0:00,3751891
2207,NY,5/1/2003 0:00,3112730
2208,NY,5/1/2004 0:00,3098601
2209,NY,5/1/2005 0:00,2967661
2210,NY,5/1/2006 0:00,3091928
2211,NY,5/1/2007 0:00,3419234
2212,NY,5/1/2008 0:00,3084123
2213,NY,5/1/2009 0:00,2752615
2214,NY,5/1/2010 0:00,2605510
2215,NY,5/1/2011 0:00,2753353
2216,NY,5/1/2012 0:00,2836894
2217,NY,5/1/2013 0:00,2803522
2218,NY,5/1/2014 0:00,2765132
2219,NY,5/1/2015 0:00,2568460
2220,NY,5/1/2016 0:00,2409684
2221,NY,5/1/2017 0:00,2323967
2222,NY,5/1/2018 0:00,2480939
2223,NY,5/1/2019 0:00,2384941
2224,NY,6/1/1996 0:00,4123638
2225,NY,6/1/1997 0:00,4083992
2226,NY,6/1/1998 0:00,3878556
2227,NY,6/1/1999 0:00,4119434
2228,NY,6/1/2000 0:00,4162915
2229,NY,6/1/2001 0:00,4220163
2230,NY,6/1/2002 0:00,4032615
2231,NY,6/1/2003 0:00,3462966
2232,NY,6/1/2004 0:00,3579385
2233,NY,6/1/2005 0:00,3438702
2234,NY,6/1/2006 0:00,3198619
2235,NY,6/1/2007 0:00,3376337
2236,NY,6/1/2008 0:00,2982513
2237,NY,6/1/2009 0:00,2415150
2238,NY,6/1/2010 0:00,2692679
2239,NY,6/1/2011 0:00,2916610
2240,NY,6/1/2012 0:00,3097639
2241,NY,6/1/2013 0:00,3050764
2242,NY,6/1/2014 0:00,2964485
2243,NY,6/1/2015 0:00,2704668
2244,NY,6/1/2016 0:00,2579138
2245,NY,6/1/2017 0:00,2585631
2246,NY,6/1/2018 0:00,2777066
2247,NY,6/1/2019 0:00,2729564
2248,NY,7/1/1996 0:00,5075422
2249,NY,7/1/1997 0:00,5131483
2250,NY,7/1/1998 0:00,4932049
2251,NY,7/1/1999 0:00,5086648
2252,NY,7/1/2000 0:00,5341505
2253,NY,7/1/2001 0:00,5511159
2254,NY,7/1/2002 0:00,5257150
2255,NY,7/1/2003 0:00,4370795
2256,NY,7/1/2004 0:00,4537656
2257,NY,7/1/2005 0:00,4519322
2258,NY,7/1/2006 0:00,4368073
2259,NY,7/1/2007 0:00,3707317
2260,NY,7/1/2008 0:00,4026007
2261,NY,7/1/2009 0:00,3566309
2262,NY,7/1/2010 0:00,3793929
2263,NY,7/1/2011 0:00,4027095
2264,NY,7/1/2012 0:00,3935085
2265,NY,7/1/2013 0:00,3799247
2266,NY,7/1/2014 0:00,3694922
2267,NY,7/1/2015 0:00,3537932
2268,NY,7/1/2016 0:00,3546693
2269,NY,7/1/2017 0:00,3517821
2270,NY,7/1/2018 0:00,3477966
2271,NY,7/1/2019 0:00,3440333
2272,NY,8/1/1996 0:00,5421679
2273,NY,8/1/1997 0:00,5600101
2274,NY,8/1/1998 0:00,4946300
2275,NY,8/1/1999 0:00,5166732
2276,NY,8/1/2000 0:00,5436983
2277,NY,8/1/2001 0:00,5747871
2278,NY,8/1/2002 0:00,5635976
2279,NY,8/1/2003 0:00,4830619
2280,NY,8/1/2004 0:00,4757513
2281,NY,8/1/2005 0:00,4482083
2282,NY,8/1/2006 0:00,4087589
2283,NY,8/1/2007 0:00,4040101
2284,NY,8/1/2008 0:00,4499876
2285,NY,8/1/2009 0:00,3988888
2286,NY,8/1/2010 0:00,3807978
2287,NY,8/1/2011 0:00,3904667
2288,NY,8/1/2012 0:00,4202548
2289,NY,8/1/2013 0:00,4169729
2290,NY,8/1/2014 0:00,4088236
2291,NY,8/1/2015 0:00,3543820
2292,NY,8/1/2016 0:00,3442652
2293,NY,8/1/2017 0:00,3570658
2294,NY,8/1/2018 0:00,3630931
2295,NY,8/1/2019 0:00,3702213
2296,NY,9/1/1996 0:00,3664598
2297,NY,9/1/1997 0:00,3739344
2298,NY,9/1/1998 0:00,4005187
2299,NY,9/1/1999 0:00,4040380
2300,NY,9/1/2000 0:00,4084718
2301,NY,9/1/2001 0:00,3242120
2302,NY,9/1/2002 0:00,3943153
2303,NY,9/1/2003 0:00,3297685
2304,NY,9/1/2004 0:00,3405426
2305,NY,9/1/2005 0:00,3323273
2306,NY,9/1/2006 0:00,3059166
2307,NY,9/1/2007 0:00,3017689
2308,NY,9/1/2008 0:00,2791112
2309,NY,9/1/2009 0:00,2768909
2310,NY,9/1/2010 0:00,2740692
2311,NY,9/1/2011 0:00,2925011
2312,NY,9/1/2012 0:00,2912352
2313,NY,9/1/2013 0:00,2781277
2314,NY,9/1/2014 0:00,2615995
2315,NY,9/1/2015 0:00,2497967
2316,NY,9/1/2016 0:00,2551863
2317,NY,9/1/2017 0:00,2613421
2318,NY,9/1/2018 0:00,2508694
2319,NY,9/1/2019 0:00,2489295
2320,OH,5/1/2018 0:00,17
2321,OH,5/1/2019 0:00,11
2322,OH,6/1/2018 0:00,90
2323,OH,6/1/2019 0:00,22
2324,OH,7/1/2018 0:00,111
2325,OH,7/1/2019 0:00,115
2326,OH,8/1/2018 0:00,122
2327,OH,8/1/2019 0:00,79
2328,OH,9/1/2018 0:00,33
2329,OH,9/1/2019 0:00,7
2330,VT,1/1/1996 0:00,162030
2331,VT,1/1/1997 0:00,316937
2332,VT,1/1/1998 0:00,324497
2333,VT,1/1/1999 0:00,285182
2334,VT,1/1/2000 0:00,330675
2335,VT,1/1/2001 0:00,370807
2336,VT,1/1/2002 0:00,357673
2337,VT,1/1/2003 0:00,364327
2338,VT,1/1/2004 0:00,323873
2339,VT,1/1/2005 0:00,298116
2340,VT,1/1/2006 0:00,332393
2341,VT,1/1/2007 0:00,263089
2342,VT,1/1/2008 0:00,330583
2343,VT,1/1/2009 0:00,275027
2344,VT,1/1/2010 0:00,271381
2345,VT,1/1/2011 0:00,273843
2346,VT,1/1/2012 0:00,280099
2347,VT,1/1/2013 0:00,285141
2348,VT,1/1/2014 0:00,277486
2349,VT,1/1/2015 0:00,269353
2350,VT,1/1/2016 0:00,262945
2351,VT,1/1/2017 0:00,278876
2352,VT,1/1/2018 0:00,221918
2353,VT,1/1/2019 0:00,219180
2354,VT,1/1/2020 0:00,227512
2355,VT,10/1/1996 0:00,516007
2356,VT,10/1/1997 0:00,500242
2357,VT,10/1/1998 0:00,425232
2358,VT,10/1/1999 0:00,460334
2359,VT,10/1/2000 0:00,496902
2360,VT,10/1/2001 0:00,401402
2361,VT,10/1/2002 0:00,448849
2362,VT,10/1/2003 0:00,439862
2363,VT,10/1/2004 0:00,426826
2364,VT,10/1/2005 0:00,328388
2365,VT,10/1/2006 0:00,405332
2366,VT,10/1/2007 0:00,456810
2367,VT,10/1/2008 0:00,432828
2368,VT,10/1/2009 0:00,403825
2369,VT,10/1/2010 0:00,403921
2370,VT,10/1/2011 0:00,389581
2371,VT,10/1/2012 0:00,400521
2372,VT,10/1/2013 0:00,422827
2373,VT,10/1/2014 0:00,424848
2374,VT,10/1/2015 0:00,378249
2375,VT,10/1/2016 0:00,412276
2376,VT,10/1/2017 0:00,364865
2377,VT,10/1/2018 0:00,350614
2378,VT,10/1/2019 0:00,353526
2379,VT,11/1/1996 0:00,365639
2380,VT,11/1/1997 0:00,360768
2381,VT,11/1/1998 0:00,350895
2382,VT,11/1/1999 0:00,492571
2383,VT,11/1/2000 0:00,386148
2384,VT,11/1/2001 0:00,341381
2385,VT,11/1/2002 0:00,345446
2386,VT,11/1/2003 0:00,349838
2387,VT,11/1/2004 0:00,340614
2388,VT,11/1/2005 0:00,330445
2389,VT,11/1/2006 0:00,309873
2390,VT,11/1/2007 0:00,362364
2391,VT,11/1/2008 0:00,296174
2392,VT,11/1/2009 0:00,292387
2393,VT,11/1/2010 0:00,284277
2394,VT,11/1/2011 0:00,299114
2395,VT,11/1/2012 0:00,325100
2396,VT,11/1/2013 0:00,322539
2397,VT,11/1/2014 0:00,318728
2398,VT,11/1/2015 0:00,282581
2399,VT,11/1/2016 0:00,301590
2400,VT,11/1/2017 0:00,257422
2401,VT,11/1/2018 0:00,245952
2402,VT,11/1/2019 0:00,242867
2403,VT,12/1/1996 0:00,353361
2404,VT,12/1/1997 0:00,353862
2405,VT,12/1/1998 0:00,311410
2406,VT,12/1/1999 0:00,338600
2407,VT,12/1/2000 0:00,343237
2408,VT,12/1/2001 0:00,327164
2409,VT,12/1/2002 0:00,347987
2410,VT,12/1/2003 0:00,320490
2411,VT,12/1/2004 0:00,318162
2412,VT,12/1/2005 0:00,320888
2413,VT,12/1/2006 0:00,304749
2414,VT,12/1/2007 0:00,334111
2415,VT,12/1/2008 0:00,292582
2416,VT,12/1/2009 0:00,275687
2417,VT,12/1/2010 0:00,279517
2418,VT,12/1/2011 0:00,300788
2419,VT,12/1/2012 0:00,305646
2420,VT,12/1/2013 0:00,309128
2421,VT,12/1/2014 0:00,311471
2422,VT,12/1/2015 0:00,287859
2423,VT,12/1/2016 0:00,284901
2424,VT,12/1/2017 0:00,251878
2425,VT,12/1/2018 0:00,252954
2426,VT,12/1/2019 0:00,260166
2427,VT,2/1/1996 0:00,317261
2428,VT,2/1/1997 0:00,306290
2429,VT,2/1/1998 0:00,336993
2430,VT,2/1/1999 0:00,321476
2431,VT,2/1/2000 0:00,341753
2432,VT,2/1/2001 0:00,326079
2433,VT,2/1/2002 0:00,331821
2434,VT,2/1/2003 0:00,322435
2435,VT,2/1/2004 0:00,338625
2436,VT,2/1/2005 0:00,324385
2437,VT,2/1/2006 0:00,310432
2438,VT,2/1/2007 0:00,268219
2439,VT,2/1/2008 0:00,323588
2440,VT,2/1/2009 0:00,271305
2441,VT,2/1/2010 0:00,265975
2442,VT,2/1/2011 0:00,265814
2443,VT,2/1/2012 0:00,280175
2444,VT,2/1/2013 0:00,277554
2445,VT,2/1/2014 0:00,267735
2446,VT,2/1/2015 0:00,263060
2447,VT,2/1/2016 0:00,255579
2448,VT,2/1/2017 0:00,251062
2449,VT,2/1/2018 0:00,219168
2450,VT,2/1/2019 0:00,209172
2451,VT,2/1/2020 0:00,232709
2452,VT,3/1/1996 0:00,408746
2453,VT,3/1/1997 0:00,384879
2454,VT,3/1/1998 0:00,357062
2455,VT,3/1/1999 0:00,355317
2456,VT,3/1/2000 0:00,405347
2457,VT,3/1/2001 0:00,404151
2458,VT,3/1/2002 0:00,408154
2459,VT,3/1/2003 0:00,359115
2460,VT,3/1/2004 0:00,350596
2461,VT,3/1/2005 0:00,358777
2462,VT,3/1/2006 0:00,367455
2463,VT,3/1/2007 0:00,324916
2464,VT,3/1/2008 0:00,349770
2465,VT,3/1/2009 0:00,303666
2466,VT,3/1/2010 0:00,298280
2467,VT,3/1/2011 0:00,293883
2468,VT,3/1/2012 0:00,332636
2469,VT,3/1/2013 0:00,377024
2470,VT,3/1/2014 0:00,326978
2471,VT,3/1/2015 0:00,310967
2472,VT,3/1/2016 0:00,285897
2473,VT,3/1/2017 0:00,271205
2474,VT,3/1/2018 0:00,294428
2475,VT,3/1/2019 0:00,268830
2476,VT,4/1/1996 0:00,390153
2477,VT,4/1/1997 0:00,370863
2478,VT,4/1/1998 0:00,374018
2479,VT,4/1/1999 0:00,408948
2480,VT,4/1/2000 0:00,391170
2481,VT,4/1/2001 0:00,395045
2482,VT,4/1/2002 0:00,376428
2483,VT,4/1/2003 0:00,324265
2484,VT,4/1/2004 0:00,346464
2485,VT,4/1/2005 0:00,337852
2486,VT,4/1/2006 0:00,361188
2487,VT,4/1/2007 0:00,295615
2488,VT,4/1/2008 0:00,342322
2489,VT,4/1/2009 0:00,319957
2490,VT,4/1/2010 0:00,319772
2491,VT,4/1/2011 0:00,336944
2492,VT,4/1/2012 0:00,343857
2493,VT,4/1/2013 0:00,308940
2494,VT,4/1/2014 0:00,327332
2495,VT,4/1/2015 0:00,315444
2496,VT,4/1/2016 0:00,290900
2497,VT,4/1/2017 0:00,316312
2498,VT,4/1/2018 0:00,257258
2499,VT,4/1/2019 0:00,275538
2500,VT,5/1/1996 0:00,493722
2501,VT,5/1/1997 0:00,427924
2502,VT,5/1/1998 0:00,446743
2503,VT,5/1/1999 0:00,444325
2504,VT,5/1/2000 0:00,429508
2505,VT,5/1/2001 0:00,449793
2506,VT,5/1/2002 0:00,437861
2507,VT,5/1/2003 0:00,399399
2508,VT,5/1/2004 0:00,412548
2509,VT,5/1/2005 0:00,392659
2510,VT,5/1/2006 0:00,390330
2511,VT,5/1/2007 0:00,367048
2512,VT,5/1/2008 0:00,444715
2513,VT,5/1/2009 0:00,382830
2514,VT,5/1/2010 0:00,387833
2515,VT,5/1/2011 0:00,368987
2516,VT,5/1/2012 0:00,392994
2517,VT,5/1/2013 0:00,402957
2518,VT,5/1/2014 0:00,402322
2519,VT,5/1/2015 0:00,388771
2520,VT,5/1/2016 0:00,364259
2521,VT,5/1/2017 0:00,359121
2522,VT,5/1/2018 0:00,341943
2523,VT,5/1/2019 0:00,332576
2524,VT,6/1/1996 0:00,598401
2525,VT,6/1/1997 0:00,573799
2526,VT,6/1/1998 0:00,473952
2527,VT,6/1/1999 0:00,532837
2528,VT,6/1/2000 0:00,550301
2529,VT,6/1/2001 0:00,529477
2530,VT,6/1/2002 0:00,497472
2531,VT,6/1/2003 0:00,460347
2532,VT,6/1/2004 0:00,442262
2533,VT,6/1/2005 0:00,365406
2534,VT,6/1/2006 0:00,475672
2535,VT,6/1/2007 0:00,459079
2536,VT,6/1/2008 0:00,520868
2537,VT,6/1/2009 0:00,419214
2538,VT,6/1/2010 0:00,433266
2539,VT,6/1/2011 0:00,439092
2540,VT,6/1/2012 0:00,482024
2541,VT,6/1/2013 0:00,484517
2542,VT,6/1/2014 0:00,496144
2543,VT,6/1/2015 0:00,463663
2544,VT,6/1/2016 0:00,436313
2545,VT,6/1/2017 0:00,417805
2546,VT,6/1/2018 0:00,429237
2547,VT,6/1/2019 0:00,413752
2548,VT,7/1/1996 0:00,781543
2549,VT,7/1/1997 0:00,536513
2550,VT,7/1/1998 0:00,650271
2551,VT,7/1/1999 0:00,756742
2552,VT,7/1/2000 0:00,700384
2553,VT,7/1/2001 0:00,611280
2554,VT,7/1/2002 0:00,612578
2555,VT,7/1/2003 0:00,586303
2556,VT,7/1/2004 0:00,595786
2557,VT,7/1/2005 0:00,511369
2558,VT,7/1/2006 0:00,666234
2559,VT,7/1/2007 0:00,573655
2560,VT,7/1/2008 0:00,668801
2561,VT,7/1/2009 0:00,574015
2562,VT,7/1/2010 0:00,618273
2563,VT,7/1/2011 0:00,661664
2564,VT,7/1/2012 0:00,640297
2565,VT,7/1/2013 0:00,665073
2566,VT,7/1/2014 0:00,652506
2567,VT,7/1/2015 0:00,637852
2568,VT,7/1/2016 0:00,593289
2569,VT,7/1/2017 0:00,578293
2570,VT,7/1/2018 0:00,553894
2571,VT,7/1/2019 0:00,553210
2572,VT,8/1/1996 0:00,837616
2573,VT,8/1/1997 0:00,775442
2574,VT,8/1/1998 0:00,632002
2575,VT,8/1/1999 0:00,684678
2576,VT,8/1/2000 0:00,660319
2577,VT,8/1/2001 0:00,665946
2578,VT,8/1/2002 0:00,637182
2579,VT,8/1/2003 0:00,605616
2580,VT,8/1/2004 0:00,556092
2581,VT,8/1/2005 0:00,443611
2582,VT,8/1/2006 0:00,615379
2583,VT,8/1/2007 0:00,639232
2584,VT,8/1/2008 0:00,700709
2585,VT,8/1/2009 0:00,590771
2586,VT,8/1/2010 0:00,601327
2587,VT,8/1/2011 0:00,605549
2588,VT,8/1/2012 0:00,661497
2589,VT,8/1/2013 0:00,734336
2590,VT,8/1/2014 0:00,732712
2591,VT,8/1/2015 0:00,611081
2592,VT,8/1/2016 0:00,584392
2593,VT,8/1/2017 0:00,550869
2594,VT,8/1/2018 0:00,572431
2595,VT,8/1/2019 0:00,604207
2596,VT,9/1/1996 0:00,523334
2597,VT,9/1/1997 0:00,524762
2598,VT,9/1/1998 0:00,466947
2599,VT,9/1/1999 0:00,549103
2600,VT,9/1/2000 0:00,513586
2601,VT,9/1/2001 0:00,469635
2602,VT,9/1/2002 0:00,469818
2603,VT,9/1/2003 0:00,426573
2604,VT,9/1/2004 0:00,449455
2605,VT,9/1/2005 0:00,360436
2606,VT,9/1/2006 0:00,434559
2607,VT,9/1/2007 0:00,479664
2608,VT,9/1/2008 0:00,460822
2609,VT,9/1/2009 0:00,448849
2610,VT,9/1/2010 0:00,432429
2611,VT,9/1/2011 0:00,433590
2612,VT,9/1/2012 0:00,446922
2613,VT,9/1/2013 0:00,435994
2614,VT,9/1/2014 0:00,423086
2615,VT,9/1/2015 0:00,433253
2616,VT,9/1/2016 0:00,446169
2617,VT,9/1/2017 0:00,410714
2618,VT,9/1/2018 0:00,383637
2619,VT,9/1/2019 0:00,362992
2620,WA,1/1/1996 0:00,1878262
2621,WA,1/1/1997 0:00,1967945
2622,WA,1/1/1998 0:00,1633282
2623,WA,1/1/1999 0:00,1538235
2624,WA,1/1/2000 0:00,1457725
2625,WA,1/1/2001 0:00,1596570
2626,WA,1/1/2002 0:00,1125024
2627,WA,1/1/2003 0:00,1194799
2628,WA,1/1/2004 0:00,1145680
2629,WA,1/1/2005 0:00,1133904
2630,WA,1/1/2006 0:00,1235602
2631,WA,1/1/2007 0:00,850245
2632,WA,1/1/2008 0:00,1247244
2633,WA,1/1/2009 0:00,1118639
2634,WA,1/1/2010 0:00,1392650
2635,WA,1/1/2011 0:00,1498164
2636,WA,1/1/2012 0:00,1638160
2637,WA,1/1/2013 0:00,1851702
2638,WA,1/1/2014 0:00,1888528
2639,WA,1/1/2015 0:00,1647348
2640,WA,1/1/2016 0:00,1430349
2641,WA,1/1/2017 0:00,1444176
2642,WA,1/1/2018 0:00,1523107
2643,WA,1/1/2019 0:00,1463254
2644,WA,1/1/2020 0:00,1326077
2645,WA,10/1/1996 0:00,2390889
2646,WA,10/1/1997 0:00,1833794
2647,WA,10/1/1998 0:00,1581879
2648,WA,10/1/1999 0:00,1822080
2649,WA,10/1/2000 0:00,1794268
2650,WA,10/1/2001 0:00,1212284
2651,WA,10/1/2002 0:00,1383160
2652,WA,10/1/2003 0:00,1305970
2653,WA,10/1/2004 0:00,1424257
2654,WA,10/1/2005 0:00,1403363
2655,WA,10/1/2006 0:00,1616743
2656,WA,10/1/2007 0:00,1511265
2657,WA,10/1/2008 0:00,1406633
2658,WA,10/1/2009 0:00,1566692
2659,WA,10/1/2010 0:00,1752490
2660,WA,10/1/2011 0:00,1984935
2661,WA,10/1/2012 0:00,2051270
2662,WA,10/1/2013 0:00,2177628
2663,WA,10/1/2014 0:00,2031765
2664,WA,10/1/2015 0:00,1630185
2665,WA,10/1/2016 0:00,1665658
2666,WA,10/1/2017 0:00,1696701
2667,WA,10/1/2018 0:00,1759483
2668,WA,10/1/2019 0:00,1700840
2669,WA,11/1/1996 0:00,2082619
2670,WA,11/1/1997 0:00,1931357
2671,WA,11/1/1998 0:00,1434393
2672,WA,11/1/1999 0:00,1625281
2673,WA,11/1/2000 0:00,1584392
2674,WA,11/1/2001 0:00,1152020
2675,WA,11/1/2002 0:00,1251421
2676,WA,11/1/2003 0:00,1172169
2677,WA,11/1/2004 0:00,1272118
2678,WA,11/1/2005 0:00,1135350
2679,WA,11/1/2006 0:00,1219115
2680,WA,11/1/2007 0:00,1475472
2681,WA,11/1/2008 0:00,1201386
2682,WA,11/1/2009 0:00,1450261
2683,WA,11/1/2010 0:00,1507379
2684,WA,11/1/2011 0:00,1833022
2685,WA,11/1/2012 0:00,1965122
2686,WA,11/1/2013 0:00,2082020
2687,WA,11/1/2014 0:00,1943569
2688,WA,11/1/2015 0:00,1542381
2689,WA,11/1/2016 0:00,1507318
2690,WA,11/1/2017 0:00,1615919
2691,WA,11/1/2018 0:00,1570209
2692,WA,11/1/2019 0:00,1535870
2693,WA,12/1/1996 0:00,1844755
2694,WA,12/1/1997 0:00,1779782
2695,WA,12/1/1998 0:00,1444521
2696,WA,12/1/1999 0:00,1532996
2697,WA,12/1/2000 0:00,1526398
2698,WA,12/1/2001 0:00,1188125
2699,WA,12/1/2002 0:00,1238685
2700,WA,12/1/2003 0:00,1148768
2701,WA,12/1/2004 0:00,1242376
2702,WA,12/1/2005 0:00,1298952
2703,WA,12/1/2006 0:00,1253177
2704,WA,12/1/2007 0:00,1353506
2705,WA,12/1/2008 0:00,1057862
2706,WA,12/1/2009 0:00,1504418
2707,WA,12/1/2010 0:00,1690542
2708,WA,12/1/2011 0:00,2014622
2709,WA,12/1/2012 0:00,2105674
2710,WA,12/1/2013 0:00,2151211
2711,WA,12/1/2014 0:00,1986896
2712,WA,12/1/2015 0:00,1638858
2713,WA,12/1/2016 0:00,1607081
2714,WA,12/1/2017 0:00,1746165
2715,WA,12/1/2018 0:00,1706341
2716,WA,12/1/2019 0:00,1691178
2717,WA,2/1/1996 0:00,2118318
2718,WA,2/1/1997 0:00,2063420
2719,WA,2/1/1998 0:00,1613288
2720,WA,2/1/1999 0:00,1439075
2721,WA,2/1/2000 0:00,1560122
2722,WA,2/1/2001 0:00,1456083
2723,WA,2/1/2002 0:00,1148746
2724,WA,2/1/2003 0:00,1131730
2725,WA,2/1/2004 0:00,1205365
2726,WA,2/1/2005 0:00,1206229
2727,WA,2/1/2006 0:00,1157580
2728,WA,2/1/2007 0:00,1136063
2729,WA,2/1/2008 0:00,1286836
2730,WA,2/1/2009 0:00,1099116
2731,WA,2/1/2010 0:00,1382621
2732,WA,2/1/2011 0:00,1454945
2733,WA,2/1/2012 0:00,1747141
2734,WA,2/1/2013 0:00,1876353
2735,WA,2/1/2014 0:00,1682614
2736,WA,2/1/2015 0:00,1573536
2737,WA,2/1/2016 0:00,1353880
2738,WA,2/1/2017 0:00,1297070
2739,WA,2/1/2018 0:00,1484871
2740,WA,2/1/2019 0:00,1270820
2741,WA,2/1/2020 0:00,1416101
2742,WA,3/1/1996 0:00,2287661
2743,WA,3/1/1997 0:00,2446513
2744,WA,3/1/1998 0:00,1919109
2745,WA,3/1/1999 0:00,1713872
2746,WA,3/1/2000 0:00,1748470
2747,WA,3/1/2001 0:00,2049373
2748,WA,3/1/2002 0:00,1358348
2749,WA,3/1/2003 0:00,1217580
2750,WA,3/1/2004 0:00,1359962
2751,WA,3/1/2005 0:00,1411328
2752,WA,3/1/2006 0:00,1401787
2753,WA,3/1/2007 0:00,1450708
2754,WA,3/1/2008 0:00,1549219
2755,WA,3/1/2009 0:00,1299920
2756,WA,3/1/2010 0:00,1612131
2757,WA,3/1/2011 0:00,1876270
2758,WA,3/1/2012 0:00,2115611
2759,WA,3/1/2013 0:00,2271965
2760,WA,3/1/2014 0:00,2108017
2761,WA,3/1/2015 0:00,1815018
2762,WA,3/1/2016 0:00,1631775
2763,WA,3/1/2017 0:00,1611156
2764,WA,3/1/2018 0:00,1940622
2765,WA,3/1/2019 0:00,1774853
2766,WA,4/1/1996 0:00,2446352
2767,WA,4/1/1997 0:00,2324831
2768,WA,4/1/1998 0:00,1960185
2769,WA,4/1/1999 0:00,1852016
2770,WA,4/1/2000 0:00,1802300
2771,WA,4/1/2001 0:00,1701916
2772,WA,4/1/2002 0:00,1432796
2773,WA,4/1/2003 0:00,1192308
2774,WA,4/1/2004 0:00,1426976
2775,WA,4/1/2005 0:00,1459721
2776,WA,4/1/2006 0:00,1503523
2777,WA,4/1/2007 0:00,1342534
2778,WA,4/1/2008 0:00,1484167
2779,WA,4/1/2009 0:00,1386856
2780,WA,4/1/2010 0:00,1678928
2781,WA,4/1/2011 0:00,1923315
2782,WA,4/1/2012 0:00,2106768
2783,WA,4/1/2013 0:00,2065450
2784,WA,4/1/2014 0:00,2168561
2785,WA,4/1/2015 0:00,1820501
2786,WA,4/1/2016 0:00,1667211
2787,WA,4/1/2017 0:00,1726139
2788,WA,4/1/2018 0:00,1870863
2789,WA,4/1/2019 0:00,1839729
2790,WA,5/1/1996 0:00,2792199
2791,WA,5/1/1997 0:00,2481325
2792,WA,5/1/1998 0:00,2094467
2793,WA,5/1/1999 0:00,3373589
2794,WA,5/1/2000 0:00,1889306
2795,WA,5/1/2001 0:00,1847743
2796,WA,5/1/2002 0:00,1438747
2797,WA,5/1/2003 0:00,1089298
2798,WA,5/1/2004 0:00,1581459
2799,WA,5/1/2005 0:00,1350186
2800,WA,5/1/2006 0:00,1586317
2801,WA,5/1/2007 0:00,1522512
2802,WA,5/1/2008 0:00,1668365
2803,WA,5/1/2009 0:00,1567409
2804,WA,5/1/2010 0:00,1800388
2805,WA,5/1/2011 0:00,2035167
2806,WA,5/1/2012 0:00,2244856
2807,WA,5/1/2013 0:00,2378456
2808,WA,5/1/2014 0:00,2380394
2809,WA,5/1/2015 0:00,2075575
2810,WA,5/1/2016 0:00,1857284
2811,WA,5/1/2017 0:00,1755768
2812,WA,5/1/2018 0:00,2105713
2813,WA,5/1/2019 0:00,1964388
2814,WA,6/1/1996 0:00,3070628
2815,WA,6/1/1997 0:00,2463139
2816,WA,6/1/1998 0:00,2088336
2817,WA,6/1/1999 0:00,2112183
2818,WA,6/1/2000 0:00,1905836
2819,WA,6/1/2001 0:00,1906026
2820,WA,6/1/2002 0:00,1428060
2821,WA,6/1/2003 0:00,1453571
2822,WA,6/1/2004 0:00,1358869
2823,WA,6/1/2005 0:00,1518229
2824,WA,6/1/2006 0:00,1540714
2825,WA,6/1/2007 0:00,1437665
2826,WA,6/1/2008 0:00,1683186
2827,WA,6/1/2009 0:00,1601362
2828,WA,6/1/2010 0:00,1813075
2829,WA,6/1/2011 0:00,2031436
2830,WA,6/1/2012 0:00,2262864
2831,WA,6/1/2013 0:00,2400681
2832,WA,6/1/2014 0:00,2426603
2833,WA,6/1/2015 0:00,2120654
2834,WA,6/1/2016 0:00,1863888
2835,WA,6/1/2017 0:00,1849540
2836,WA,6/1/2018 0:00,2039924
2837,WA,6/1/2019 0:00,1929436
2838,WA,7/1/1996 0:00,3022933
2839,WA,7/1/1997 0:00,2815034
2840,WA,7/1/1998 0:00,2440909
2841,WA,7/1/1999 0:00,2449296
2842,WA,7/1/2000 0:00,2521710
2843,WA,7/1/2001 0:00,2228560
2844,WA,7/1/2002 0:00,1648297
2845,WA,7/1/2003 0:00,1770154
2846,WA,7/1/2004 0:00,1804607
2847,WA,7/1/2005 0:00,1845706
2848,WA,7/1/2006 0:00,1861985
2849,WA,7/1/2007 0:00,1793179
2850,WA,7/1/2008 0:00,1891164
2851,WA,7/1/2009 0:00,1868881
2852,WA,7/1/2010 0:00,2202420
2853,WA,7/1/2011 0:00,2498398
2854,WA,7/1/2012 0:00,2613695
2855,WA,7/1/2013 0:00,2775366
2856,WA,7/1/2014 0:00,2657487
2857,WA,7/1/2015 0:00,2413515
2858,WA,7/1/2016 0:00,2276922
2859,WA,7/1/2017 0:00,2253008
2860,WA,7/1/2018 0:00,2310762
2861,WA,7/1/2019 0:00,2245234
2862,WA,8/1/1996 0:00,3175967
2863,WA,8/1/1997 0:00,3096389
2864,WA,8/1/1998 0:00,2188328
2865,WA,8/1/1999 0:00,2553784
2866,WA,8/1/2000 0:00,2497332
2867,WA,8/1/2001 0:00,2469131
2868,WA,8/1/2002 0:00,1982400
2869,WA,8/1/2003 0:00,1885656
2870,WA,8/1/2004 0:00,1829629
2871,WA,8/1/2005 0:00,1899365
2872,WA,8/1/2006 0:00,1948819
2873,WA,8/1/2007 0:00,1937475
2874,WA,8/1/2008 0:00,2004535
2875,WA,8/1/2009 0:00,2048244
2876,WA,8/1/2010 0:00,2255023
2877,WA,8/1/2011 0:00,2603120
2878,WA,8/1/2012 0:00,2820188
2879,WA,8/1/2013 0:00,2965878
2880,WA,8/1/2014 0:00,2911475
2881,WA,8/1/2015 0:00,2287644
2882,WA,8/1/2016 0:00,2284394
2883,WA,8/1/2017 0:00,2341071
2884,WA,8/1/2018 0:00,2415215
2885,WA,8/1/2019 0:00,2377154
2886,WA,9/1/1996 0:00,2610517
2887,WA,9/1/1997 0:00,2455000
2888,WA,9/1/1998 0:00,1985441
2889,WA,9/1/1999 0:00,2019351
2890,WA,9/1/2000 0:00,2091209
2891,WA,9/1/2001 0:00,1481273
2892,WA,9/1/2002 0:00,1392701
2893,WA,9/1/2003 0:00,1444752
2894,WA,9/1/2004 0:00,1537542
2895,WA,9/1/2005 0:00,1493818
2896,WA,9/1/2006 0:00,1547023
2897,WA,9/1/2007 0:00,1623525
2898,WA,9/1/2008 0:00,1591802
2899,WA,9/1/2009 0:00,1710906
2900,WA,9/1/2010 0:00,1880468
2901,WA,9/1/2011 0:00,2146118
2902,WA,9/1/2012 0:00,2249062
2903,WA,9/1/2013 0:00,2266225
2904,WA,9/1/2014 0:00,2288884
2905,WA,9/1/2015 0:00,1822466
2906,WA,9/1/2016 0:00,1905775
2907,WA,9/1/2017 0:00,1909400
2908,WA,9/1/2018 0:00,1858249
2909,WA,9/1/2019 0:00,1821058
